sortOrder,key,titleZh,titleEn,status,hubPath,sourceDirectory,currentArticleBasePath,articleRouteStrategy,defaultLanguage,descriptionZh,notes
10,spacetime,時空篇,Spacetime,live,/research/spacetime/,concept,/concept/,legacy-base,zh,古典醫學如何以時間、空間、週期與幾何描述天地與人體秩序。,Preserve all current /concept/* article URLs during redesign.
20,qihua-physiology,氣化生理篇,Qi Transformation Physiology,live,/research/qihua-physiology/,qihua_physiology_concept,/qihua_physiology_concept/,legacy-base,zh,從一氣、升降出入、中土、臟腑、經絡、六經與營衛重建古典人體生理。,Preserve all current qihua article URLs during redesign.
30,jingfang,經方篇,Jingfang,live,/research/jingfang/,jingfang_concept,/jingfang_concept/,legacy-base,zh,從五味、時空雙座標、六氣場景與治法文法理解經方生成規則。,Legacy numbering intentionally skips article 10; preserve current URLs and IDs.
40,materia-medica,藥物篇,Materia Medica,live,/research/materia-medica/,drug_concept,/drug_concept/,legacy-base,zh,從藥物本體、古籍因果、單藥驗證到方中作用層位重建選藥邏輯。,Preserve all current drug article URLs during redesign.
50,acupuncture,針灸篇,Acupuncture,live,/research/acupuncture/,acupuncture_concept,/acupuncture_concept/,legacy-base,zh,以《針灸甲乙經》為核心，研究穴位相位、幾何規則與控制結構。,Preserve all current acupuncture article URLs during redesign.
60,bianque-mirror,扁鵲鏡經篇,Bian Que Mirror Classic,live,/research/bianque-mirror/,Mirror_Classic _of_Bian_Que,/mirror_classic-_of_bian_que/,legacy-base,zh,從量測、編碼、座標、網路與診斷理解《扁鵲鏡經》的氣化系統。,Source directory and live URL contain legacy naming irregularities; do not rename in WBS 1.
70,weather-wuyun-liuqi,現代氣象 × 五運六氣,Modern Meteorology × Five Movements and Six Qi,planned,/research/weather-wuyun-liuqi/,,/research/weather-wuyun-liuqi/,hub-child,zh,以歷史氣象資料檢驗五運六氣模型，並研究天氣與人體狀態。,New domain; articles should be children of the hub route.
80,ganzhi-food-therapy,干支命理 × 食療,Ganzhi Timing × Food Therapy,planned,/research/ganzhi-food-therapy/,,/research/ganzhi-food-therapy/,hub-child,zh,以干支時空與古典食療規則建立個人時空／體質研究與食療應用。,Knowledge content and paid report application must remain architecturally separated.
90,guilin-neijing,桂林古本 × 內經以經解經,Guilin Ancient Edition × Inner Classic Exegesis,planned,/research/guilin-neijing/,,/research/guilin-neijing/,hub-child,zh,以《內經》自身規則重建桂林古本中的症脈、病機與方藥關係。,"Future multi-entry research explorer: clause, symptom, mechanism, formula, herb."
