DomainKey,TranslationKey,ChineseTitle,ChineseSourceFile,ChinesePath,FutureEnglishSourceFile,FutureEnglishPath,Status,FilenamePolicy
spacetime,spacetime-001,01 第一性原理的經典萃取 (Classics First Principles Extraction),concept/01-第一性原理的經典萃取.md,/concept/01-第一性原理的經典萃取/,en/concept/01-第一性原理的經典萃取.md,/en/concept/01-第一性原理的經典萃取/,not-translated,preserve-Chinese-filename
spacetime,spacetime-002,02 以簡馭繁的模型化原則 (Managing Complexity with Models),concept/02-以簡馭繁的模型化原則.md,/concept/02-以簡馭繁的模型化原則/,en/concept/02-以簡馭繁的模型化原則.md,/en/concept/02-以簡馭繁的模型化原則/,not-translated,preserve-Chinese-filename
spacetime,spacetime-006,06 奧卡姆剃刀法則的有效性 (Validity of Occam's Razor Law),concept/06-奧卡姆剃刀法則的有效性.md,/concept/06-奧卡姆剃刀法則的有效性/,en/concept/06-奧卡姆剃刀法則的有效性.md,/en/concept/06-奧卡姆剃刀法則的有效性/,not-translated,preserve-Chinese-filename
spacetime,spacetime-009,09 以外揣內與不可見本質的驗證 (Observing External to Verify Invisible Essence),concept/09-以外揣內與不可見本質的驗證.md,/concept/09-以外揣內與不可見本質的驗證/,en/concept/09-以外揣內與不可見本質的驗證.md,/en/concept/09-以外揣內與不可見本質的驗證/,not-translated,preserve-Chinese-filename
spacetime,spacetime-010,10 正確歷法的時間刻度規律 (Laws of Correct Calendar and Time Scale),concept/10-正確歷法的時間刻度規律.md,/concept/10-正確歷法的時間刻度規律/,en/concept/10-正確歷法的時間刻度規律.md,/en/concept/10-正確歷法的時間刻度規律/,not-translated,preserve-Chinese-filename
spacetime,spacetime-003,03 符號化能量共振原則 (Symbolic Energy Resonance Principle),concept/03-符號化能量共振原則.md,/concept/03-符號化能量共振原則/,en/concept/03-符號化能量共振原則.md,/en/concept/03-符號化能量共振原則/,not-translated,preserve-Chinese-filename
spacetime,spacetime-004,04 時間全息規律的世界映射 (Holographic Law of World Mapping),concept/04-全息規律的世界映射.md,/concept/04-全息規律的世界映射/,en/concept/04-全息規律的世界映射.md,/en/concept/04-全息規律的世界映射/,not-translated,preserve-Chinese-filename
spacetime,spacetime-005,05 空間全息映射規律 (Spatial Holographic Mapping),concept/05-空間全息映射規律.md,/concept/05-空間全息映射規律/,en/concept/05-空間全息映射規律.md,/en/concept/05-空間全息映射規律/,not-translated,preserve-Chinese-filename
spacetime,spacetime-008,08 常變原則的擬合規律 (Constancy and Change Principle),concept/08-常變原則的擬合規律.md,/concept/08-常變原則的擬合規律/,en/concept/08-常變原則的擬合規律.md,/en/concept/08-常變原則的擬合規律/,not-translated,preserve-Chinese-filename
spacetime,spacetime-007,07 跨尺度技術搭配原則 (Cross-Scale Technology Combination),concept/07-跨尺度技術搭配原則.md,/concept/07-跨尺度技術搭配原則/,en/concept/07-跨尺度技術搭配原則.md,/en/concept/07-跨尺度技術搭配原則/,not-translated,preserve-Chinese-filename
spacetime,spacetime-011,11 年尺度陰陽時間模型 (Annual Yin-Yang Time Model),concept/11-年尺度陰陽時間模型.md,/concept/11-年尺度陰陽時間模型/,en/concept/11-年尺度陰陽時間模型.md,/en/concept/11-年尺度陰陽時間模型/,not-translated,preserve-Chinese-filename
spacetime,spacetime-012,12 日尺度陰陽時間模型 (Daily Yin-Yang Time Model),concept/12-日尺度陰陽時間模型.md,/concept/12-日尺度陰陽時間模型/,en/concept/12-日尺度陰陽時間模型.md,/en/concept/12-日尺度陰陽時間模型/,not-translated,preserve-Chinese-filename
spacetime,spacetime-013,13 人體陰陽空間幾何對稱模型 (Human Yin-Yang Spatial Symmetry Model),concept/13-人體陰陽空間幾何對稱模型.md,/concept/13-人體陰陽空間幾何對稱模型/,en/concept/13-人體陰陽空間幾何對稱模型.md,/en/concept/13-人體陰陽空間幾何對稱模型/,not-translated,preserve-Chinese-filename
spacetime,spacetime-014,14 天地的陰陽空間模型 (Heaven-Earth Yin-Yang Spatial Model),concept/14-天地的陰陽空間模型.md,/concept/14-天地的陰陽空間模型/,en/concept/14-天地的陰陽空間模型.md,/en/concept/14-天地的陰陽空間模型/,not-translated,preserve-Chinese-filename
spacetime,spacetime-015,15 四象時間模型（陰陽互含規律） (Four Images Temporal Model),concept/15-四象時間模型（陰陽互含規律）.md,/concept/15-四象時間模型陰陽互含規律/,en/concept/15-四象時間模型（陰陽互含規律）.md,/en/concept/15-四象時間模型陰陽互含規律/,not-translated,preserve-Chinese-filename
spacetime,spacetime-016,16 月相四象變化模型 (Moon Phase Four Images Model),concept/16-月相四象變化模型.md,/concept/16-月相四象變化模型/,en/concept/16-月相四象變化模型.md,/en/concept/16-月相四象變化模型/,not-translated,preserve-Chinese-filename
spacetime,spacetime-017,17 五行相生年尺度模型 (Five Elements Generation Annual Model),concept/17-五行相生年尺度模型.md,/concept/17-五行相生年尺度模型/,en/concept/17-五行相生年尺度模型.md,/en/concept/17-五行相生年尺度模型/,not-translated,preserve-Chinese-filename
spacetime,spacetime-018,18 天干十日五行時間週期模型 (Heavenly Stems 10-Day Five Elements Model),concept/18-天干十日五行時間週期模型.md,/concept/18-天干十日五行時間週期模型/,en/concept/18-天干十日五行時間週期模型.md,/en/concept/18-天干十日五行時間週期模型/,not-translated,preserve-Chinese-filename
spacetime,spacetime-019,19 五行中土空間模型 (Five Elements Center Earth Spatial Model),concept/19-五行中土空間模型.md,/concept/19-五行中土空間模型/,en/concept/19-五行中土空間模型.md,/en/concept/19-五行中土空間模型/,not-translated,preserve-Chinese-filename
spacetime,spacetime-020,20 五行相剋洛書一筆畫模型 (Five Elements Restriction Model),concept/20-五行相剋洛書一筆畫模型.md,/concept/20-五行相剋洛書一筆畫模型/,en/concept/20-五行相剋洛書一筆畫模型.md,/en/concept/20-五行相剋洛書一筆畫模型/,not-translated,preserve-Chinese-filename
spacetime,spacetime-021,21 五行互含模型（體質與藥精細分） (Five Elements Mutual Inclusion Model),concept/21-五行互涵模型（體質與藥精細分）.md,/concept/21-五行互涵模型體質與藥精細分/,en/concept/21-五行互涵模型（體質與藥精細分）.md,/en/concept/21-五行互涵模型體質與藥精細分/,not-translated,preserve-Chinese-filename
spacetime,spacetime-023,23 三陰三陽年尺度主氣模型 (Three Yin Three Yang Host Qi Model),concept/23-三陰三陽年尺度主氣模型.md,/concept/23-三陰三陽年尺度主氣模型/,en/concept/23-三陰三陽年尺度主氣模型.md,/en/concept/23-三陰三陽年尺度主氣模型/,not-translated,preserve-Chinese-filename
spacetime,spacetime-027,27 二十四節氣拆分模型 (24 Solar Terms Splitting Model),concept/27-二十四節氣拆分模型.md,/concept/27-二十四節氣拆分模型/,en/concept/27-二十四節氣拆分模型.md,/en/concept/27-二十四節氣拆分模型/,not-translated,preserve-Chinese-filename
spacetime,spacetime-022,22 三陰三陽時間尺度變化模型 (Three Yin Three Yang Guest Qi Model),concept/22-三陰三陽年尺度客氣變化模型.md,/concept/22-三陰三陽年尺度客氣變化模型/,en/concept/22-三陰三陽年尺度客氣變化模型.md,/en/concept/22-三陰三陽年尺度客氣變化模型/,not-translated,preserve-Chinese-filename
spacetime,spacetime-024,24 三陰三陽地支十二日時間模型 (Three Yin Three Yang 12-Day Model),concept/24-三陰三陽地支十二日時間模型.md,/concept/24-三陰三陽地支十二日時間模型/,en/concept/24-三陰三陽地支十二日時間模型.md,/en/concept/24-三陰三陽地支十二日時間模型/,not-translated,preserve-Chinese-filename
spacetime,spacetime-025,25 三陰三陽日尺度預解時模型 (Three Yin Three Yang Daily Desired Relief Model),concept/25-三陰三陽日尺度預解時模型.md,/concept/25-三陰三陽日尺度預解時模型/,en/concept/25-三陰三陽日尺度預解時模型.md,/en/concept/25-三陰三陽日尺度預解時模型/,not-translated,preserve-Chinese-filename
spacetime,spacetime-026,26 三陰三陽人體空間分佈模型（陰陽離合規律） (Three Yin Three Yang Human Spatial Distribution Model),concept/26-三陰三陽人體空間分佈模型（陰陽離合規律）.md,/concept/26-三陰三陽人體空間分佈模型陰陽離合規律/,en/concept/26-三陰三陽人體空間分佈模型（陰陽離合規律）.md,/en/concept/26-三陰三陽人體空間分佈模型陰陽離合規律/,not-translated,preserve-Chinese-filename
spacetime,spacetime-029,29 九宮八風空間與診法模型 (Nine Palaces and Eight Winds Model),concept/29-九宮八風空間與診法模型.md,/concept/29-九宮八風空間與診法模型/,en/concept/29-九宮八風空間與診法模型.md,/en/concept/29-九宮八風空間與診法模型/,not-translated,preserve-Chinese-filename
spacetime,spacetime-028,28 五六相合時空整合模型 (Five-Six Integration Model),concept/28-五六相合時空整合模型.md,/concept/28-五六相合時空整合模型/,en/concept/28-五六相合時空整合模型.md,/en/concept/28-五六相合時空整合模型/,not-translated,preserve-Chinese-filename
spacetime,spacetime-030,30 能量運動的疊加與干預原則 (Energy Superposition and Intervention Principle),concept/30-能量運動的疊加與干預原則.md,/concept/30-能量運動的疊加與干預原則/,en/concept/30-能量運動的疊加與干預原則.md,/en/concept/30-能量運動的疊加與干預原則/,not-translated,preserve-Chinese-filename
qihua-physiology,qihua-physiology-001,01 醫者明理與天人氣化總綱,qihua_physiology_concept/01-醫者明理與天人氣化總綱.md,/qihua_physiology_concept/01-醫者明理與天人氣化總綱/,en/qihua_physiology_concept/01-醫者明理與天人氣化總綱.md,/en/qihua_physiology_concept/01-醫者明理與天人氣化總綱/,not-translated,preserve-Chinese-filename
qihua-physiology,qihua-physiology-002,02 一氣陰陽清濁與中氣樞軸,qihua_physiology_concept/02-一氣陰陽清濁與中氣樞軸.md,/qihua_physiology_concept/02-一氣陰陽清濁與中氣樞軸/,en/qihua_physiology_concept/02-一氣陰陽清濁與中氣樞軸.md,/en/qihua_physiology_concept/02-一氣陰陽清濁與中氣樞軸/,not-translated,preserve-Chinese-filename
qihua-physiology,qihua-physiology-003,03 四象五行與春夏秋冬節律,qihua_physiology_concept/03-四象五行與春夏秋冬節律.md,/qihua_physiology_concept/03-四象五行與春夏秋冬節律/,en/qihua_physiology_concept/03-四象五行與春夏秋冬節律.md,/en/qihua_physiology_concept/03-四象五行與春夏秋冬節律/,not-translated,preserve-Chinese-filename
qihua-physiology,qihua-physiology-004,04 脾胃中土與人體五行生成,qihua_physiology_concept/04-脾胃中土與人體五行生成.md,/qihua_physiology_concept/04-脾胃中土與人體五行生成/,en/qihua_physiology_concept/04-脾胃中土與人體五行生成.md,/en/qihua_physiology_concept/04-脾胃中土與人體五行生成/,not-translated,preserve-Chinese-filename
qihua-physiology,qihua-physiology-005,05 探源圖解與天地人氣化總圖,qihua_physiology_concept/05-探源圖解與天地人氣化總圖.md,/qihua_physiology_concept/05-探源圖解與天地人氣化總圖/,en/qihua_physiology_concept/05-探源圖解與天地人氣化總圖.md,/en/qihua_physiology_concept/05-探源圖解與天地人氣化總圖/,not-translated,preserve-Chinese-filename
qihua-physiology,qihua-physiology-007,07 水火徵兆與上下左右道路,qihua_physiology_concept/07-水火徵兆與上下左右道路.md,/qihua_physiology_concept/07-水火徵兆與上下左右道路/,en/qihua_physiology_concept/07-水火徵兆與上下左右道路.md,/en/qihua_physiology_concept/07-水火徵兆與上下左右道路/,not-translated,preserve-Chinese-filename
qihua-physiology,qihua-physiology-008,08 生長收藏與五臟情志節律,qihua_physiology_concept/08-生長收藏與五臟情志節律.md,/qihua_physiology_concept/08-生長收藏與五臟情志節律/,en/qihua_physiology_concept/08-生長收藏與五臟情志節律.md,/en/qihua_physiology_concept/08-生長收藏與五臟情志節律/,not-translated,preserve-Chinese-filename
qihua-physiology,qihua-physiology-009,09 六氣主時與年度氣候分段,qihua_physiology_concept/09-六氣主時與年度氣候分段.md,/qihua_physiology_concept/09-六氣主時與年度氣候分段/,en/qihua_physiology_concept/09-六氣主時與年度氣候分段.md,/en/qihua_physiology_concept/09-六氣主時與年度氣候分段/,not-translated,preserve-Chinese-filename
qihua-physiology,qihua-physiology-010,10 司天在泉與上下半年氣候,qihua_physiology_concept/10-司天在泉與上下半年氣候.md,/qihua_physiology_concept/10-司天在泉與上下半年氣候/,en/qihua_physiology_concept/10-司天在泉與上下半年氣候.md,/en/qihua_physiology_concept/10-司天在泉與上下半年氣候/,not-translated,preserve-Chinese-filename
qihua-physiology,qihua-physiology-011,11 天符歲會太乙天符與運氣疊加,qihua_physiology_concept/11-天符歲會太乙天符與運氣疊加.md,/qihua_physiology_concept/11-天符歲會太乙天符與運氣疊加/,en/qihua_physiology_concept/11-天符歲會太乙天符與運氣疊加.md,/en/qihua_physiology_concept/11-天符歲會太乙天符與運氣疊加/,not-translated,preserve-Chinese-filename
qihua-physiology,qihua-physiology-012,12 人生之始與祖氣成形,qihua_physiology_concept/12-人生之始與祖氣成形.md,/qihua_physiology_concept/12-人生之始與祖氣成形/,en/qihua_physiology_concept/12-人生之始與祖氣成形.md,/en/qihua_physiology_concept/12-人生之始與祖氣成形/,not-translated,preserve-Chinese-filename
qihua-physiology,qihua-physiology-013,13 五臟六腑功能網路總論,qihua_physiology_concept/13-五臟六腑功能網路總論.md,/qihua_physiology_concept/13-五臟六腑功能網路總論/,en/qihua_physiology_concept/13-五臟六腑功能網路總論.md,/en/qihua_physiology_concept/13-五臟六腑功能網路總論/,not-translated,preserve-Chinese-filename
qihua-physiology,qihua-physiology-016,16 脾胃中央運化與太倉輸布,qihua_physiology_concept/16-脾胃中央運化與太倉輸布.md,/qihua_physiology_concept/16-脾胃中央運化與太倉輸布/,en/qihua_physiology_concept/16-脾胃中央運化與太倉輸布.md,/en/qihua_physiology_concept/16-脾胃中央運化與太倉輸布/,not-translated,preserve-Chinese-filename
qihua-physiology,qihua-physiology-015,15 肝膽風木謀慮與中正決斷,qihua_physiology_concept/15-肝膽風木謀慮與中正決斷.md,/qihua_physiology_concept/15-肝膽風木謀慮與中正決斷/,en/qihua_physiology_concept/15-肝膽風木謀慮與中正決斷.md,/en/qihua_physiology_concept/15-肝膽風木謀慮與中正決斷/,not-translated,preserve-Chinese-filename
qihua-physiology,qihua-physiology-014,14 心與小腸君火神明與化物生血,qihua_physiology_concept/14-心與小腸君火神明與化物生血.md,/qihua_physiology_concept/14-心與小腸君火神明與化物生血/,en/qihua_physiology_concept/14-心與小腸君火神明與化物生血.md,/en/qihua_physiology_concept/14-心與小腸君火神明與化物生血/,not-translated,preserve-Chinese-filename
qihua-physiology,qihua-physiology-017,17 肺大腸制節宣降與傳導,qihua_physiology_concept/17-肺大腸制節宣降與傳導.md,/qihua_physiology_concept/17-肺大腸制節宣降與傳導/,en/qihua_physiology_concept/17-肺大腸制節宣降與傳導.md,/en/qihua_physiology_concept/17-肺大腸制節宣降與傳導/,not-translated,preserve-Chinese-filename
qihua-physiology,qihua-physiology-018,18 腎膀胱水藏津液與氣化出入,qihua_physiology_concept/18-腎膀胱水藏津液與氣化出入.md,/qihua_physiology_concept/18-腎膀胱水藏津液與氣化出入/,en/qihua_physiology_concept/18-腎膀胱水藏津液與氣化出入.md,/en/qihua_physiology_concept/18-腎膀胱水藏津液與氣化出入/,not-translated,preserve-Chinese-filename
qihua-physiology,qihua-physiology-019,19 心包三焦相火臣使與水道膜網,qihua_physiology_concept/19-心包三焦相火臣使與水道膜網.md,/qihua_physiology_concept/19-心包三焦相火臣使與水道膜網/,en/qihua_physiology_concept/19-心包三焦相火臣使與水道膜網.md,/en/qihua_physiology_concept/19-心包三焦相火臣使與水道膜網/,not-translated,preserve-Chinese-filename
qihua-physiology,qihua-physiology-020,20 臟腑部位形象與內外連網,qihua_physiology_concept/20-臟腑部位形象與內外連網.md,/qihua_physiology_concept/20-臟腑部位形象與內外連網/,en/qihua_physiology_concept/20-臟腑部位形象與內外連網.md,/en/qihua_physiology_concept/20-臟腑部位形象與內外連網/,not-translated,preserve-Chinese-filename
qihua-physiology,qihua-physiology-021,21 十二經相交與如環無端,qihua_physiology_concept/21-十二經相交與如環無端.md,/qihua_physiology_concept/21-十二經相交與如環無端/,en/qihua_physiology_concept/21-十二經相交與如環無端.md,/en/qihua_physiology_concept/21-十二經相交與如環無端/,not-translated,preserve-Chinese-filename
qihua-physiology,qihua-physiology-022,22 衝任督帶與先後天交會,qihua_physiology_concept/22-衝任督帶與先後天交會.md,/qihua_physiology_concept/22-衝任督帶與先後天交會/,en/qihua_physiology_concept/22-衝任督帶與先後天交會.md,/en/qihua_physiology_concept/22-衝任督帶與先後天交會/,not-translated,preserve-Chinese-filename
qihua-physiology,qihua-physiology-023,23 六經解與十二經由六氣統攝,qihua_physiology_concept/23-六經解與十二經由六氣統攝.md,/qihua_physiology_concept/23-六經解與十二經由六氣統攝/,en/qihua_physiology_concept/23-六經解與十二經由六氣統攝.md,/en/qihua_physiology_concept/23-六經解與十二經由六氣統攝/,not-translated,preserve-Chinese-filename
qihua-physiology,qihua-physiology-029,29 六經開闔樞與審證大關鍵,qihua_physiology_concept/29-六經開闔樞與審證大關鍵.md,/qihua_physiology_concept/29-六經開闔樞與審證大關鍵/,en/qihua_physiology_concept/29-六經開闔樞與審證大關鍵.md,/en/qihua_physiology_concept/29-六經開闔樞與審證大關鍵/,not-translated,preserve-Chinese-filename
qihua-physiology,qihua-physiology-024,24 六氣解與主令化氣盛衰,qihua_physiology_concept/24-六氣解與主令化氣盛衰.md,/qihua_physiology_concept/24-六氣解與主令化氣盛衰/,en/qihua_physiology_concept/24-六氣解與主令化氣盛衰.md,/en/qihua_physiology_concept/24-六氣解與主令化氣盛衰/,not-translated,preserve-Chinese-filename
qihua-physiology,qihua-physiology-025,25 營氣運行與脈中日夜五十周,qihua_physiology_concept/25-營氣運行與脈中日夜五十周.md,/qihua_physiology_concept/25-營氣運行與脈中日夜五十周/,en/qihua_physiology_concept/25-營氣運行與脈中日夜五十周.md,/en/qihua_physiology_concept/25-營氣運行與脈中日夜五十周/,not-translated,preserve-Chinese-filename
qihua-physiology,qihua-physiology-026,26 衛氣出入與寤寐防衛節律,qihua_physiology_concept/26-衛氣出入與寤寐防衛節律.md,/qihua_physiology_concept/26-衛氣出入與寤寐防衛節律/,en/qihua_physiology_concept/26-衛氣出入與寤寐防衛節律.md,/en/qihua_physiology_concept/26-衛氣出入與寤寐防衛節律/,not-translated,preserve-Chinese-filename
qihua-physiology,qihua-physiology-027,27 男女天癸與生命長周期,qihua_physiology_concept/27-男女天癸與生命長周期.md,/qihua_physiology_concept/27-男女天癸與生命長周期/,en/qihua_physiology_concept/27-男女天癸與生命長周期.md,/en/qihua_physiology_concept/27-男女天癸與生命長周期/,not-translated,preserve-Chinese-filename
qihua-physiology,qihua-physiology-028,28 血氣精神與養生協調總論,qihua_physiology_concept/28-血氣精神與養生協調總論.md,/qihua_physiology_concept/28-血氣精神與養生協調總論/,en/qihua_physiology_concept/28-血氣精神與養生協調總論.md,/en/qihua_physiology_concept/28-血氣精神與養生協調總論/,not-translated,preserve-Chinese-filename
qihua-physiology,qihua-physiology-006,06 陰陽變化與治病求本,qihua_physiology_concept/06-陰陽變化與治病求本.md,/qihua_physiology_concept/06-陰陽變化與治病求本/,en/qihua_physiology_concept/06-陰陽變化與治病求本.md,/en/qihua_physiology_concept/06-陰陽變化與治病求本/,not-translated,preserve-Chinese-filename
qihua-physiology,qihua-physiology-030,30 本標中氣與外感病機整合,qihua_physiology_concept/30-本標中氣與外感病機整合.md,/qihua_physiology_concept/30-本標中氣與外感病機整合/,en/qihua_physiology_concept/30-本標中氣與外感病機整合.md,/en/qihua_physiology_concept/30-本標中氣與外感病機整合/,not-translated,preserve-Chinese-filename
jingfang,jingfang-001,01 經方之經的古天文幾何軌道本質,jingfang_concept/01-經方之經的古天文幾何軌道本質.md,/jingfang_concept/01-經方之經的古天文幾何軌道本質/,en/jingfang_concept/01-經方之經的古天文幾何軌道本質.md,/en/jingfang_concept/01-經方之經的古天文幾何軌道本質/,not-translated,preserve-Chinese-filename
jingfang,jingfang-002,02 十六字食療之秘與物成味定原則,jingfang_concept/02-十六字食療之秘與物成味定原則.md,/jingfang_concept/02-十六字食療之秘與物成味定原則/,en/jingfang_concept/02-十六字食療之秘與物成味定原則.md,/en/jingfang_concept/02-十六字食療之秘與物成味定原則/,not-translated,preserve-Chinese-filename
jingfang,jingfang-003,03 五味中土空間模型與五入親和性,jingfang_concept/03-五味中土空間模型與五入親和性.md,/jingfang_concept/03-五味中土空間模型與五入親和性/,en/jingfang_concept/03-五味中土空間模型與五入親和性.md,/en/jingfang_concept/03-五味中土空間模型與五入親和性/,not-translated,preserve-Chinese-filename
jingfang,jingfang-004,04 天干配五行之時間雙向調控模型,jingfang_concept/04-天干配五行之時間雙向調控模型.md,/jingfang_concept/04-天干配五行之時間雙向調控模型/,en/jingfang_concept/04-天干配五行之時間雙向調控模型.md,/en/jingfang_concept/04-天干配五行之時間雙向調控模型/,not-translated,preserve-Chinese-filename
jingfang,jingfang-005,05 空間模型之克位與扶位矩陣向量,jingfang_concept/05-空間模型之克位與扶位矩陣向量.md,/jingfang_concept/05-空間模型之克位與扶位矩陣向量/,en/jingfang_concept/05-空間模型之克位與扶位矩陣向量.md,/en/jingfang_concept/05-空間模型之克位與扶位矩陣向量/,not-translated,preserve-Chinese-filename
jingfang,jingfang-006,06 藏氣法時論天干五行望相衰求死週期,jingfang_concept/06-藏氣法時論天干五行望相衰求死週期.md,/jingfang_concept/06-藏氣法時論天干五行望相衰求死週期/,en/jingfang_concept/06-藏氣法時論天干五行望相衰求死週期.md,/en/jingfang_concept/06-藏氣法時論天干五行望相衰求死週期/,not-translated,preserve-Chinese-filename
jingfang,jingfang-007,07 五臟五欲與時間模型補瀉聖化規則,jingfang_concept/07-五臟五欲與時間模型補瀉聖化規則.md,/jingfang_concept/07-五臟五欲與時間模型補瀉聖化規則/,en/jingfang_concept/07-五臟五欲與時間模型補瀉聖化規則.md,/en/jingfang_concept/07-五臟五欲與時間模型補瀉聖化規則/,not-translated,preserve-Chinese-filename
jingfang,jingfang-008,08 緩急收散之五苦時間干預模型,jingfang_concept/08-緩急收散之五苦時間干預模型.md,/jingfang_concept/08-緩急收散之五苦時間干預模型/,en/jingfang_concept/08-緩急收散之五苦時間干預模型.md,/en/jingfang_concept/08-緩急收散之五苦時間干預模型/,not-translated,preserve-Chinese-filename
jingfang,jingfang-009,09 司天與在泉的摩天輪六氣輪轉機制,jingfang_concept/09-司天與在泉的摩天輪六氣輪轉機制.md,/jingfang_concept/09-司天與在泉的摩天輪六氣輪轉機制/,en/jingfang_concept/09-司天與在泉的摩天輪六氣輪轉機制.md,/en/jingfang_concept/09-司天與在泉的摩天輪六氣輪轉機制/,not-translated,preserve-Chinese-filename
jingfang,jingfang-011,11 歲運司天輪值之土地物候味道偏向性,jingfang_concept/11-歲運司天輪值之土地物候味道偏向性.md,/jingfang_concept/11-歲運司天輪值之土地物候味道偏向性/,en/jingfang_concept/11-歲運司天輪值之土地物候味道偏向性.md,/en/jingfang_concept/11-歲運司天輪值之土地物候味道偏向性/,not-translated,preserve-Chinese-filename
jingfang,jingfang-012,12 六氣 X 七大運動家族,jingfang_concept/12-六氣X七大運動家族.md,/jingfang_concept/12-六氣x七大運動家族/,en/jingfang_concept/12-六氣X七大運動家族.md,/en/jingfang_concept/12-六氣x七大運動家族/,not-translated,preserve-Chinese-filename
jingfang,jingfang-020,20 五行位之主與三陰三陽主氣時間先後治法,jingfang_concept/20-五行位之主與三陰三陽主氣時間先後治法.md,/jingfang_concept/20-五行位之主與三陰三陽主氣時間先後治法/,en/jingfang_concept/20-五行位之主與三陰三陽主氣時間先後治法.md,/en/jingfang_concept/20-五行位之主與三陰三陽主氣時間先後治法/,not-translated,preserve-Chinese-filename
jingfang,jingfang-013,13 司天六氣所勝的治味結構,jingfang_concept/13-司天六氣所勝的治味結構.md,/jingfang_concept/13-司天六氣所勝的治味結構/,en/jingfang_concept/13-司天六氣所勝的治味結構.md,/en/jingfang_concept/13-司天六氣所勝的治味結構/,not-translated,preserve-Chinese-filename
jingfang,jingfang-014,14 在泉六氣淫於內的治法結構,jingfang_concept/14-在泉六氣淫於內的治法結構.md,/jingfang_concept/14-在泉六氣淫於內的治法結構/,en/jingfang_concept/14-在泉六氣淫於內的治法結構.md,/en/jingfang_concept/14-在泉六氣淫於內的治法結構/,not-translated,preserve-Chinese-filename
jingfang,jingfang-015,15 邪氣反勝於地的治法結構,jingfang_concept/15-邪氣反勝於地的治法結構.md,/jingfang_concept/15-邪氣反勝於地的治法結構/,en/jingfang_concept/15-邪氣反勝於地的治法結構.md,/en/jingfang_concept/15-邪氣反勝於地的治法結構/,not-translated,preserve-Chinese-filename
jingfang,jingfang-016,16 司天邪勝的治法結構,jingfang_concept/16-司天邪勝的治法結構.md,/jingfang_concept/16-司天邪勝的治法結構/,en/jingfang_concept/16-司天邪勝的治法結構.md,/en/jingfang_concept/16-司天邪勝的治法結構/,not-translated,preserve-Chinese-filename
jingfang,jingfang-017,17 六氣之勝的治法結構,jingfang_concept/17-六氣之勝的治法結構.md,/jingfang_concept/17-六氣之勝的治法結構/,en/jingfang_concept/17-六氣之勝的治法結構.md,/en/jingfang_concept/17-六氣之勝的治法結構/,not-translated,preserve-Chinese-filename
jingfang,jingfang-018,18 六氣之復的治法結構,jingfang_concept/18-六氣之復的治法結構.md,/jingfang_concept/18-六氣之復的治法結構/,en/jingfang_concept/18-六氣之復的治法結構.md,/en/jingfang_concept/18-六氣之復的治法結構/,not-translated,preserve-Chinese-filename
jingfang,jingfang-019,19 六氣之客的治法結構,jingfang_concept/19-六氣之客的治法結構.md,/jingfang_concept/19-六氣之客的治法結構/,en/jingfang_concept/19-六氣之客的治法結構.md,/en/jingfang_concept/19-六氣之客的治法結構/,not-translated,preserve-Chinese-filename
jingfang,jingfang-021,21 客氣值日補瀉與辛酸化甘口訣源頭,jingfang_concept/21-客氣值日補瀉與辛酸化甘口訣源頭.md,/jingfang_concept/21-客氣值日補瀉與辛酸化甘口訣源頭/,en/jingfang_concept/21-客氣值日補瀉與辛酸化甘口訣源頭.md,/en/jingfang_concept/21-客氣值日補瀉與辛酸化甘口訣源頭/,not-translated,preserve-Chinese-filename
jingfang,jingfang-022,22 《六元正紀大論》六十甲子食療生數成數模型導論與核心定義,jingfang_concept/22-《六元正紀大論》六十甲子食療生數成數模型導論與核心定義.md,/jingfang_concept/22-六元正紀大論六十甲子食療生數成數模型導論與核心定義/,en/jingfang_concept/22-《六元正紀大論》六十甲子食療生數成數模型導論與核心定義.md,/en/jingfang_concept/22-六元正紀大論六十甲子食療生數成數模型導論與核心定義/,not-translated,preserve-Chinese-filename
jingfang,jingfang-023,23 天之氣與地之氣的時空模型選用總綱,jingfang_concept/23-2天之氣與地之氣的時空模型選用總綱.md,/jingfang_concept/23-2天之氣與地之氣的時空模型選用總綱/,en/jingfang_concept/23-2天之氣與地之氣的時空模型選用總綱.md,/en/jingfang_concept/23-2天之氣與地之氣的時空模型選用總綱/,not-translated,preserve-Chinese-filename
materia-medica,materia-medica-001,01 本草漁網與正本清源,drug_concept/01-本草漁網與正本清源.md,/drug_concept/01-本草漁網與正本清源/,en/drug_concept/01-本草漁網與正本清源.md,/en/drug_concept/01-本草漁網與正本清源/,not-translated,preserve-Chinese-filename
materia-medica,materia-medica-002,02 本草求真的三維符號化收斂,drug_concept/02-本草求真的三維符號化收斂.md,/drug_concept/02-本草求真的三維符號化收斂/,en/drug_concept/02-本草求真的三維符號化收斂.md,/en/drug_concept/02-本草求真的三維符號化收斂/,not-translated,preserve-Chinese-filename
materia-medica,materia-medica-003,03 臟腑辨證興起與三陰三陽退隱,drug_concept/03-臟腑辨證興起與三陰三陽退隱.md,/drug_concept/03-臟腑辨證興起與三陰三陽退隱/,en/drug_concept/03-臟腑辨證興起與三陰三陽退隱.md,/en/drug_concept/03-臟腑辨證興起與三陰三陽退隱/,not-translated,preserve-Chinese-filename
materia-medica,materia-medica-004,04 六淫痰積氣血與標本主次,drug_concept/04-六淫痰積氣血與標本主次.md,/drug_concept/04-六淫痰積氣血與標本主次/,en/drug_concept/04-六淫痰積氣血與標本主次.md,/en/drug_concept/04-六淫痰積氣血與標本主次/,not-translated,preserve-Chinese-filename
materia-medica,materia-medica-005,05 多標籤藥物與選方困境,drug_concept/05-多標籤藥物與選方困境.md,/drug_concept/05-多標籤藥物與選方困境/,en/drug_concept/05-多標籤藥物與選方困境.md,/en/drug_concept/05-多標籤藥物與選方困境/,not-translated,preserve-Chinese-filename
materia-medica,materia-medica-009,09 症狀專病辨證的捷徑與限制,drug_concept/09-症狀專病辨證的捷徑與限制.md,/drug_concept/09-症狀專病辨證的捷徑與限制/,en/drug_concept/09-症狀專病辨證的捷徑與限制.md,/en/drug_concept/09-症狀專病辨證的捷徑與限制/,not-translated,preserve-Chinese-filename
materia-medica,materia-medica-012,12 神農本草經破解總綱,drug_concept/12-神農本草經破解總綱.md,/drug_concept/12-神農本草經破解總綱/,en/drug_concept/12-神農本草經破解總綱.md,/en/drug_concept/12-神農本草經破解總綱/,not-translated,preserve-Chinese-filename
materia-medica,materia-medica-013,13 藥名之象與命名推理,drug_concept/13-藥名之象與命名推理.md,/drug_concept/13-藥名之象與命名推理/,en/drug_concept/13-藥名之象與命名推理.md,/en/drug_concept/13-藥名之象與命名推理/,not-translated,preserve-Chinese-filename
materia-medica,materia-medica-014,14 五氣五味與性味定位,drug_concept/14-五氣五味與性味定位.md,/drug_concept/14-五氣五味與性味定位/,en/drug_concept/14-五氣五味與性味定位.md,/en/drug_concept/14-五氣五味與性味定位/,not-translated,preserve-Chinese-filename
materia-medica,materia-medica-015,15 形體之體與以形治形,drug_concept/15-形體之體與以形治形.md,/drug_concept/15-形體之體與以形治形/,en/drug_concept/15-形體之體與以形治形.md,/en/drug_concept/15-形體之體與以形治形/,not-translated,preserve-Chinese-filename
materia-medica,materia-medica-016,16 升降浮沉與春夏秋冬,drug_concept/16-升降浮沉與春夏秋冬.md,/drug_concept/16-升降浮沉與春夏秋冬/,en/drug_concept/16-升降浮沉與春夏秋冬.md,/en/drug_concept/16-升降浮沉與春夏秋冬/,not-translated,preserve-Chinese-filename
materia-medica,materia-medica-017,17 清濁密度與起效速度,drug_concept/17-清濁密度與起效速度.md,/drug_concept/17-清濁密度與起效速度/,en/drug_concept/17-清濁密度與起效速度.md,/en/drug_concept/17-清濁密度與起效速度/,not-translated,preserve-Chinese-filename
materia-medica,materia-medica-018,18 採收時節與天地禀賦,drug_concept/18-採收時節與天地禀賦.md,/drug_concept/18-採收時節與天地禀賦/,en/drug_concept/18-採收時節與天地禀賦.md,/en/drug_concept/18-採收時節與天地禀賦/,not-translated,preserve-Chinese-filename
materia-medica,materia-medica-019,19 徐靈胎因果箭頭解讀法,drug_concept/19-徐靈胎因果箭頭解讀法.md,/drug_concept/19-徐靈胎因果箭頭解讀法/,en/drug_concept/19-徐靈胎因果箭頭解讀法.md,/en/drug_concept/19-徐靈胎因果箭頭解讀法/,not-translated,preserve-Chinese-filename
materia-medica,materia-medica-021,21 內經病症規則庫與以經解經,drug_concept/21-內經病症規則庫與以經解經.md,/drug_concept/21-內經病症規則庫與以經解經/,en/drug_concept/21-內經病症規則庫與以經解經.md,/en/drug_concept/21-內經病症規則庫與以經解經/,not-translated,preserve-Chinese-filename
materia-medica,materia-medica-006,06 AI輔助古籍因果提取法,drug_concept/06-AI輔助古籍因果提取法.md,/drug_concept/06-ai輔助古籍因果提取法/,en/drug_concept/06-AI輔助古籍因果提取法.md,/en/drug_concept/06-ai輔助古籍因果提取法/,not-translated,preserve-Chinese-filename
materia-medica,materia-medica-020,20 本草綱領的分類框架驗證,drug_concept/20-本草綱領的分類框架驗證.md,/drug_concept/20-本草綱領的分類框架驗證/,en/drug_concept/20-本草綱領的分類框架驗證.md,/en/drug_concept/20-本草綱領的分類框架驗證/,not-translated,preserve-Chinese-filename
materia-medica,materia-medica-022,22 張志聰本草崇原與禀賦提煉,drug_concept/22-張志聰本草崇原與禀賦提煉.md,/drug_concept/22-張志聰本草崇原與禀賦提煉/,en/drug_concept/22-張志聰本草崇原與禀賦提煉.md,/en/drug_concept/22-張志聰本草崇原與禀賦提煉/,not-translated,preserve-Chinese-filename
materia-medica,materia-medica-023,23 白朮補益脾土與標本分層,drug_concept/23-白朮補益脾土與標本分層.md,/drug_concept/23-白朮補益脾土與標本分層/,en/drug_concept/23-白朮補益脾土與標本分層.md,/en/drug_concept/23-白朮補益脾土與標本分層/,not-translated,preserve-Chinese-filename
materia-medica,materia-medica-024,24 甘草五臟六腑與不偏之性,drug_concept/24-甘草五臟六腑與不偏之性.md,/drug_concept/24-甘草五臟六腑與不偏之性/,en/drug_concept/24-甘草五臟六腑與不偏之性.md,/en/drug_concept/24-甘草五臟六腑與不偏之性/,not-translated,preserve-Chinese-filename
materia-medica,materia-medica-025,25 桂枝枝形通道與上下氣交通,drug_concept/25-桂枝枝形通道與上下氣交通.md,/drug_concept/25-桂枝枝形通道與上下氣交通/,en/drug_concept/25-桂枝枝形通道與上下氣交通.md,/en/drug_concept/25-桂枝枝形通道與上下氣交通/,not-translated,preserve-Chinese-filename
materia-medica,materia-medica-026,26 黃芩陽明太陰與清熱範圍,drug_concept/26-黃芩陽明太陰與清熱範圍.md,/drug_concept/26-黃芩陽明太陰與清熱範圍/,en/drug_concept/26-黃芩陽明太陰與清熱範圍.md,/en/drug_concept/26-黃芩陽明太陰與清熱範圍/,not-translated,preserve-Chinese-filename
materia-medica,materia-medica-027,27 附子細辛與少陰太陽標本,drug_concept/27-附子細辛與少陰太陽標本.md,/drug_concept/27-附子細辛與少陰太陽標本/,en/drug_concept/27-附子細辛與少陰太陽標本.md,/en/drug_concept/27-附子細辛與少陰太陽標本/,not-translated,preserve-Chinese-filename
materia-medica,materia-medica-028,28 葛根杜仲與形態經脈推演,drug_concept/28-葛根杜仲與形態經脈推演.md,/drug_concept/28-葛根杜仲與形態經脈推演/,en/drug_concept/28-葛根杜仲與形態經脈推演.md,/en/drug_concept/28-葛根杜仲與形態經脈推演/,not-translated,preserve-Chinese-filename
materia-medica,materia-medica-029,29 神農本草三百六十味的時空分佈,drug_concept/29-神農本草三百六十味的時空分佈.md,/drug_concept/29-神農本草三百六十味的時空分佈/,en/drug_concept/29-神農本草三百六十味的時空分佈.md,/en/drug_concept/29-神農本草三百六十味的時空分佈/,not-translated,preserve-Chinese-filename
materia-medica,materia-medica-007,07 內經時空模型作為藥物總座標,drug_concept/07-內經時空模型作為藥物總座標.md,/drug_concept/07-內經時空模型作為藥物總座標/,en/drug_concept/07-內經時空模型作為藥物總座標.md,/en/drug_concept/07-內經時空模型作為藥物總座標/,not-translated,preserve-Chinese-filename
materia-medica,materia-medica-008,08 朱進忠臨床用藥三十三視角,drug_concept/08-朱進忠臨床用藥三十三視角.md,/drug_concept/08-朱進忠臨床用藥三十三視角/,en/drug_concept/08-朱進忠臨床用藥三十三視角.md,/en/drug_concept/08-朱進忠臨床用藥三十三視角/,not-translated,preserve-Chinese-filename
materia-medica,materia-medica-010,10 藥量辨證與經方劑量設計,drug_concept/10-藥量辨證與經方劑量設計.md,/drug_concept/10-藥量辨證與經方劑量設計/,en/drug_concept/10-藥量辨證與經方劑量設計.md,/en/drug_concept/10-藥量辨證與經方劑量設計/,not-translated,preserve-Chinese-filename
materia-medica,materia-medica-011,11 比例辨證與方中作用層位,drug_concept/11-比例辨證與方中作用層位.md,/drug_concept/11-比例辨證與方中作用層位/,en/drug_concept/11-比例辨證與方中作用層位.md,/en/drug_concept/11-比例辨證與方中作用層位/,not-translated,preserve-Chinese-filename
materia-medica,materia-medica-030,30 醫家取舍與經典自洽判準,drug_concept/30-醫家取舍與經典自洽判準.md,/drug_concept/30-醫家取舍與經典自洽判準/,en/drug_concept/30-醫家取舍與經典自洽判準.md,/en/drug_concept/30-醫家取舍與經典自洽判準/,not-translated,preserve-Chinese-filename
acupuncture,acupuncture-001,01 穴位也許不是「點」：《針灸甲乙經》裡隱藏的相位控制圖 (Acupoints as Phase Control Windows),acupuncture_concept/01-穴位也許不是點-針灸甲乙經裡隱藏的相位控制圖.md,/acupuncture_concept/01-穴位也許不是點-針灸甲乙經裡隱藏的相位控制圖/,en/acupuncture_concept/01-穴位也許不是點-針灸甲乙經裡隱藏的相位控制圖.md,/en/acupuncture_concept/01-穴位也許不是點-針灸甲乙經裡隱藏的相位控制圖/,not-translated,preserve-Chinese-filename
acupuncture,acupuncture-002,02 三條幾何語法，為什麼能回溯近九成《甲乙經》穴位主治？ (Three Geometric Rules Behind Acupoint Indications),acupuncture_concept/02-三條幾何語法-為什麼能回溯近九成甲乙經穴位主治.md,/acupuncture_concept/02-三條幾何語法-為什麼能回溯近九成甲乙經穴位主治/,en/acupuncture_concept/02-三條幾何語法-為什麼能回溯近九成甲乙經穴位主治.md,/en/acupuncture_concept/02-三條幾何語法-為什麼能回溯近九成甲乙經穴位主治/,not-translated,preserve-Chinese-filename
acupuncture,acupuncture-003,03 一個腳上的穴，為什麼會治頭與咽喉？遠端取穴的幾何答案 (Why Distal Points Can Treat the Head and Throat),acupuncture_concept/03-一個腳上的穴-為什麼會治頭與咽喉-遠端取穴的幾何答案.md,/acupuncture_concept/03-一個腳上的穴-為什麼會治頭與咽喉-遠端取穴的幾何答案/,en/acupuncture_concept/03-一個腳上的穴-為什麼會治頭與咽喉-遠端取穴的幾何答案.md,/en/acupuncture_concept/03-一個腳上的穴-為什麼會治頭與咽喉-遠端取穴的幾何答案/,not-translated,preserve-Chinese-filename
acupuncture,acupuncture-004,04 井、滎、輸、經、合不是五個古老名詞：它們可能是一套邊界控制棧 (The Five-Shu Points as a Boundary Control Stack),acupuncture_concept/04-井滎輸經合不是五個古老名詞-它們可能是一套邊界控制棧.md,/acupuncture_concept/04-井滎輸經合不是五個古老名詞-它們可能是一套邊界控制棧/,en/acupuncture_concept/04-井滎輸經合不是五個古老名詞-它們可能是一套邊界控制棧.md,/en/acupuncture_concept/04-井滎輸經合不是五個古老名詞-它們可能是一套邊界控制棧/,not-translated,preserve-Chinese-filename
acupuncture,acupuncture-005,05 六氣真的寫在經絡相位上嗎？風、寒、濕、火窗口與一個意外的漏洞 (Do the Six Qi Form Phase Bands?),acupuncture_concept/05-六氣真的寫在經絡相位上嗎-風寒濕火窗口與一個意外漏洞.md,/acupuncture_concept/05-六氣真的寫在經絡相位上嗎-風寒濕火窗口與一個意外漏洞/,en/acupuncture_concept/05-六氣真的寫在經絡相位上嗎-風寒濕火窗口與一個意外漏洞.md,/en/acupuncture_concept/05-六氣真的寫在經絡相位上嗎-風寒濕火窗口與一個意外漏洞/,not-translated,preserve-Chinese-filename
acupuncture,acupuncture-006,06 風池為什麼叫「風池」？古人穴名可能不是詩意，而是壓縮碼 (Are Acupoint Names Compressed Codes?),acupuncture_concept/06-風池為什麼叫風池-古人穴名可能不是詩意而是壓縮碼.md,/acupuncture_concept/06-風池為什麼叫風池-古人穴名可能不是詩意而是壓縮碼/,en/acupuncture_concept/06-風池為什麼叫風池-古人穴名可能不是詩意而是壓縮碼.md,/en/acupuncture_concept/06-風池為什麼叫風池-古人穴名可能不是詩意而是壓縮碼/,not-translated,preserve-Chinese-filename
bianque-mirror,bianque-mirror-001,01 氣真的可以被測量嗎？《扁鵲鏡經》的第一把鑰匙 (Can Qi Be Measured?),Mirror_Classic _of_Bian_Que/01-氣真的可以被測量嗎-扁鵲鏡經的第一把鑰匙.md,/mirror_classic-_of_bian_que/01-氣真的可以被測量嗎-扁鵲鏡經的第一把鑰匙/,en/Mirror_Classic _of_Bian_Que/01-氣真的可以被測量嗎-扁鵲鏡經的第一把鑰匙.md,/en/mirror_classic-_of_bian_que/01-氣真的可以被測量嗎-扁鵲鏡經的第一把鑰匙/,not-translated,preserve-Chinese-filename
bianque-mirror,bianque-mirror-002,02 一呼一吸之間：什麼叫「平人一息」？ (The Baseline Breath),Mirror_Classic _of_Bian_Que/02-一呼一吸之間-什麼叫平人一息.md,/mirror_classic-_of_bian_que/02-一呼一吸之間-什麼叫平人一息/,en/Mirror_Classic _of_Bian_Que/02-一呼一吸之間-什麼叫平人一息.md,/en/mirror_classic-_of_bian_que/02-一呼一吸之間-什麼叫平人一息/,not-translated,preserve-Chinese-filename
bianque-mirror,bianque-mirror-003,"03 一息脈五動、氣行六寸：古人怎樣把氣化變成數字？ (Five Pulses, Six Cun)",Mirror_Classic _of_Bian_Que/03-一息脈五動氣行六寸-古人怎樣把氣化變成數字.md,/mirror_classic-_of_bian_que/03-一息脈五動氣行六寸-古人怎樣把氣化變成數字/,en/Mirror_Classic _of_Bian_Que/03-一息脈五動氣行六寸-古人怎樣把氣化變成數字.md,/en/mirror_classic-_of_bian_que/03-一息脈五動氣行六寸-古人怎樣把氣化變成數字/,not-translated,preserve-Chinese-filename
bianque-mirror,bianque-mirror-004,04 「寸」不是公分：骨度如何成為人體自己的尺？ (Body-Proportional Measure),Mirror_Classic _of_Bian_Que/04-寸不是公分-骨度如何成為人體自己的尺.md,/mirror_classic-_of_bian_que/04-寸不是公分-骨度如何成為人體自己的尺/,en/Mirror_Classic _of_Bian_Que/04-寸不是公分-骨度如何成為人體自己的尺.md,/en/mirror_classic-_of_bian_que/04-寸不是公分-骨度如何成為人體自己的尺/,not-translated,preserve-Chinese-filename
bianque-mirror,bianque-mirror-005,05 從六寸到二十二丈三尺六寸：氣如何走完人體一周？ (From One Breath to One Circuit),Mirror_Classic _of_Bian_Que/05-從六寸到二十二丈三尺六寸-氣如何走完人體一周.md,/mirror_classic-_of_bian_que/05-從六寸到二十二丈三尺六寸-氣如何走完人體一周/,en/Mirror_Classic _of_Bian_Que/05-從六寸到二十二丈三尺六寸-氣如何走完人體一周.md,/en/mirror_classic-_of_bian_que/05-從六寸到二十二丈三尺六寸-氣如何走完人體一周/,not-translated,preserve-Chinese-filename
bianque-mirror,bianque-mirror-006,06 人體為什麼要和一天對時？十二辰、百刻與五十營 (Synchronizing Body and Day),Mirror_Classic _of_Bian_Que/06-人體為什麼要和一天對時-十二辰百刻與五十營.md,/mirror_classic-_of_bian_que/06-人體為什麼要和一天對時-十二辰百刻與五十營/,en/Mirror_Classic _of_Bian_Que/06-人體為什麼要和一天對時-十二辰百刻與五十營.md,/en/mirror_classic-_of_bian_que/06-人體為什麼要和一天對時-十二辰百刻與五十營/,not-translated,preserve-Chinese-filename
bianque-mirror,bianque-mirror-007,07 脈為什麼有快慢長短？一動一寸五分的意義 (Speed and Length of the Pulse),Mirror_Classic _of_Bian_Que/07-脈為什麼有快慢長短-一動一寸五分的意義.md,/mirror_classic-_of_bian_que/07-脈為什麼有快慢長短-一動一寸五分的意義/,en/Mirror_Classic _of_Bian_Que/07-脈為什麼有快慢長短-一動一寸五分的意義.md,/en/mirror_classic-_of_bian_que/07-脈為什麼有快慢長短-一動一寸五分的意義/,not-translated,preserve-Chinese-filename
bianque-mirror,bianque-mirror-008,08 音、息、脈其實是同一件事的不同投影 (Different Projections of One Process),Mirror_Classic _of_Bian_Que/08-音息脈其實是同一件事的不同投影.md,/mirror_classic-_of_bian_que/08-音息脈其實是同一件事的不同投影/,en/Mirror_Classic _of_Bian_Que/08-音息脈其實是同一件事的不同投影.md,/en/mirror_classic-_of_bian_que/08-音息脈其實是同一件事的不同投影/,not-translated,preserve-Chinese-filename
bianque-mirror,bianque-mirror-009,09 人為什麼有自己的「稟音」？ (The Inherited Voice),Mirror_Classic _of_Bian_Que/09-人為什麼有自己的稟音.md,/mirror_classic-_of_bian_que/09-人為什麼有自己的稟音/,en/Mirror_Classic _of_Bian_Que/09-人為什麼有自己的稟音.md,/en/mirror_classic-_of_bian_que/09-人為什麼有自己的稟音/,not-translated,preserve-Chinese-filename
bianque-mirror,bianque-mirror-010,10 甬、宮、商、角、徵、羽、穌：人體聲音的七層尺度 (Seven Tonal Measures),Mirror_Classic _of_Bian_Que/10-甬宮商角徵羽穌-人體聲音的七層尺度.md,/mirror_classic-_of_bian_que/10-甬宮商角徵羽穌-人體聲音的七層尺度/,en/Mirror_Classic _of_Bian_Que/10-甬宮商角徵羽穌-人體聲音的七層尺度.md,/en/mirror_classic-_of_bian_que/10-甬宮商角徵羽穌-人體聲音的七層尺度/,not-translated,preserve-Chinese-filename
bianque-mirror,bianque-mirror-011,11 一音十分：正、少、眾、開、判、質、虞、加、太、上 (Ten Degrees of One Tone),Mirror_Classic _of_Bian_Que/11-一音十分-正少眾開判質虞加太上.md,/mirror_classic-_of_bian_que/11-一音十分-正少眾開判質虞加太上/,en/Mirror_Classic _of_Bian_Que/11-一音十分-正少眾開判質虞加太上.md,/en/mirror_classic-_of_bian_que/11-一音十分-正少眾開判質虞加太上/,not-translated,preserve-Chinese-filename
bianque-mirror,bianque-mirror-012,12 古人的音高不是高低而已：十分度究竟在量什麼？ (What Do the Ten Degrees Measure?),Mirror_Classic _of_Bian_Que/12-古人的音高不是高低而已-十分度在量什麼.md,/mirror_classic-_of_bian_que/12-古人的音高不是高低而已-十分度在量什麼/,en/Mirror_Classic _of_Bian_Que/12-古人的音高不是高低而已-十分度在量什麼.md,/en/mirror_classic-_of_bian_que/12-古人的音高不是高低而已-十分度在量什麼/,not-translated,preserve-Chinese-filename
bianque-mirror,bianque-mirror-013,13 安、孚、躬、彁、執、淩、解、變、隨、盉從哪裡來？ (The Ten Transformation Tones),Mirror_Classic _of_Bian_Que/13-安孚躬彁執淩解變隨盉從哪裡來.md,/mirror_classic-_of_bian_que/13-安孚躬彁執淩解變隨盉從哪裡來/,en/Mirror_Classic _of_Bian_Que/13-安孚躬彁執淩解變隨盉從哪裡來.md,/en/mirror_classic-_of_bian_que/13-安孚躬彁執淩解變隨盉從哪裡來/,not-translated,preserve-Chinese-filename
bianque-mirror,bianque-mirror-014,"14 為什麼同一個「安」還要分左右？ (Same Tone, Different Side)",Mirror_Classic _of_Bian_Que/14-為什麼同一個安還要分左右.md,/mirror_classic-_of_bian_que/14-為什麼同一個安還要分左右/,en/Mirror_Classic _of_Bian_Que/14-為什麼同一個安還要分左右.md,/en/mirror_classic-_of_bian_que/14-為什麼同一個安還要分左右/,not-translated,preserve-Chinese-filename
bianque-mirror,bianque-mirror-015,15 從十音到兩千一百音：為什麼《鏡經》需要這麼大的狀態空間？ (A Large State Space),Mirror_Classic _of_Bian_Que/15-從十音到兩千一百音-為什麼需要這麼大的狀態空間.md,/mirror_classic-_of_bian_que/15-從十音到兩千一百音-為什麼需要這麼大的狀態空間/,en/Mirror_Classic _of_Bian_Que/15-從十音到兩千一百音-為什麼需要這麼大的狀態空間.md,/en/mirror_classic-_of_bian_que/15-從十音到兩千一百音-為什麼需要這麼大的狀態空間/,not-translated,preserve-Chinese-filename
bianque-mirror,bianque-mirror-016,16 六十首到底是什麼？它不是六十首音樂 (What Are the Sixty Shou?),Mirror_Classic _of_Bian_Que/16-六十首到底是什麼-它不是六十首音樂.md,/mirror_classic-_of_bian_que/16-六十首到底是什麼-它不是六十首音樂/,en/Mirror_Classic _of_Bian_Que/16-六十首到底是什麼-它不是六十首音樂.md,/en/mirror_classic-_of_bian_que/16-六十首到底是什麼-它不是六十首音樂/,not-translated,preserve-Chinese-filename
bianque-mirror,bianque-mirror-017,17 十二律為什麼會進入人體？六經與十二律的配對 (Twelve Lü and Six Channels),Mirror_Classic _of_Bian_Que/17-十二律為什麼會進入人體-六經與十二律的配對.md,/mirror_classic-_of_bian_que/17-十二律為什麼會進入人體-六經與十二律的配對/,en/Mirror_Classic _of_Bian_Que/17-十二律為什麼會進入人體-六經與十二律的配對.md,/en/mirror_classic-_of_bian_que/17-十二律為什麼會進入人體-六經與十二律的配對/,not-translated,preserve-Chinese-filename
bianque-mirror,bianque-mirror-018,18 六經不是六條線：經緯、樞持與四維 (A Six-Channel Geometry),Mirror_Classic _of_Bian_Que/18-六經不是六條線-經緯樞持與四維.md,/mirror_classic-_of_bian_que/18-六經不是六條線-經緯樞持與四維/,en/Mirror_Classic _of_Bian_Que/18-六經不是六條線-經緯樞持與四維.md,/en/mirror_classic-_of_bian_que/18-六經不是六條線-經緯樞持與四維/,not-translated,preserve-Chinese-filename
bianque-mirror,bianque-mirror-019,19 十二律如何變成七十二舍？ (From Twelve Lü to Seventy-Two She),Mirror_Classic _of_Bian_Que/19-十二律如何變成七十二舍.md,/mirror_classic-_of_bian_que/19-十二律如何變成七十二舍/,en/Mirror_Classic _of_Bian_Que/19-十二律如何變成七十二舍.md,/en/mirror_classic-_of_bian_que/19-十二律如何變成七十二舍/,not-translated,preserve-Chinese-filename
bianque-mirror,bianque-mirror-020,20 順六十首與逆六十首：氣化不是靜態表格，而是一條路徑 (Forward and Reverse Sequences),Mirror_Classic _of_Bian_Que/20-順六十首與逆六十首-氣化不是靜態表格.md,/mirror_classic-_of_bian_que/20-順六十首與逆六十首-氣化不是靜態表格/,en/Mirror_Classic _of_Bian_Que/20-順六十首與逆六十首-氣化不是靜態表格.md,/en/mirror_classic-_of_bian_que/20-順六十首與逆六十首-氣化不是靜態表格/,not-translated,preserve-Chinese-filename
bianque-mirror,bianque-mirror-021,21 「首」到底是什麼？為什麼診斷一定要先立首？ (Establishing the Starting State),Mirror_Classic _of_Bian_Que/21-首到底是什麼-為什麼診斷一定要先立首.md,/mirror_classic-_of_bian_que/21-首到底是什麼-為什麼診斷一定要先立首/,en/Mirror_Classic _of_Bian_Que/21-首到底是什麼-為什麼診斷一定要先立首.md,/en/mirror_classic-_of_bian_que/21-首到底是什麼-為什麼診斷一定要先立首/,not-translated,preserve-Chinese-filename
bianque-mirror,bianque-mirror-022,22 首與舍：從一個狀態碼推出氣往哪裡走 (From Shou to She),Mirror_Classic _of_Bian_Que/22-首與舍-從一個狀態碼推出氣往哪裡走.md,/mirror_classic-_of_bian_que/22-首與舍-從一個狀態碼推出氣往哪裡走/,en/Mirror_Classic _of_Bian_Que/22-首與舍-從一個狀態碼推出氣往哪裡走.md,/en/mirror_classic-_of_bian_que/22-首與舍-從一個狀態碼推出氣往哪裡走/,not-translated,preserve-Chinese-filename
bianque-mirror,bianque-mirror-023,23 走路為什麼是右手配左腳？《鏡經》的交叉經絡觀 (Cross-Body Coordination),Mirror_Classic _of_Bian_Que/23-走路為什麼是右手配左腳-鏡經的交叉經絡觀.md,/mirror_classic-_of_bian_que/23-走路為什麼是右手配左腳-鏡經的交叉經絡觀/,en/Mirror_Classic _of_Bian_Que/23-走路為什麼是右手配左腳-鏡經的交叉經絡觀.md,/en/mirror_classic-_of_bian_que/23-走路為什麼是右手配左腳-鏡經的交叉經絡觀/,not-translated,preserve-Chinese-filename
bianque-mirror,bianque-mirror-024,24 溪、谷、節、舍：氣到底在哪裡交換？ (Where Qi Meets),Mirror_Classic _of_Bian_Que/24-溪谷節舍-氣到底在哪裡交換.md,/mirror_classic-_of_bian_que/24-溪谷節舍-氣到底在哪裡交換/,en/Mirror_Classic _of_Bian_Que/24-溪谷節舍-氣到底在哪裡交換.md,/en/mirror_classic-_of_bian_que/24-溪谷節舍-氣到底在哪裡交換/,not-translated,preserve-Chinese-filename
bianque-mirror,bianque-mirror-025,25 謙、歸、藏、生、動、長、育、止、壴：九氣是一條生命循環 (The Nine Qi States),Mirror_Classic _of_Bian_Que/25-謙歸藏生動長育止壴-九氣是一條生命循環.md,/mirror_classic-_of_bian_que/25-謙歸藏生動長育止壴-九氣是一條生命循環/,en/Mirror_Classic _of_Bian_Que/25-謙歸藏生動長育止壴-九氣是一條生命循環.md,/en/mirror_classic-_of_bian_que/25-謙歸藏生動長育止壴-九氣是一條生命循環/,not-translated,preserve-Chinese-filename
bianque-mirror,bianque-mirror-026,26 專、勝、兼、並、通、和：氣與氣相遇的六種基本關係 (Six Interaction Modes),Mirror_Classic _of_Bian_Que/26-專勝兼並通和-氣與氣相遇的六種基本關係.md,/mirror_classic-_of_bian_que/26-專勝兼並通和-氣與氣相遇的六種基本關係/,en/Mirror_Classic _of_Bian_Que/26-專勝兼並通和-氣與氣相遇的六種基本關係.md,/en/mirror_classic-_of_bian_que/26-專勝兼並通和-氣與氣相遇的六種基本關係/,not-translated,preserve-Chinese-filename
bianque-mirror,bianque-mirror-027,27 一個人同時有三層音：稟受、由行與差移 (Three Layers of Tonal State),Mirror_Classic _of_Bian_Que/27-一個人同時有三層音-稟受由行與差移.md,/mirror_classic-_of_bian_que/27-一個人同時有三層音-稟受由行與差移/,en/Mirror_Classic _of_Bian_Que/27-一個人同時有三層音-稟受由行與差移.md,/en/mirror_classic-_of_bian_que/27-一個人同時有三層音-稟受由行與差移/,not-translated,preserve-Chinese-filename
bianque-mirror,bianque-mirror-028,28 八舍真正記錄的是什麼？十二經如何跨手足配對 (Decoding the Eight-She Table),Mirror_Classic _of_Bian_Que/28-八舍真正記錄的是什麼-十二經如何跨手足配對.md,/mirror_classic-_of_bian_que/28-八舍真正記錄的是什麼-十二經如何跨手足配對/,en/Mirror_Classic _of_Bian_Que/28-八舍真正記錄的是什麼-十二經如何跨手足配對.md,/en/mirror_classic-_of_bian_que/28-八舍真正記錄的是什麼-十二經如何跨手足配對/,not-translated,preserve-Chinese-filename
bianque-mirror,bianque-mirror-029,29 七十二舍與七十三舍：位置與運動只差一個數字 (State and Transition),Mirror_Classic _of_Bian_Que/29-七十二舍與七十三舍-位置與運動只差一個數字.md,/mirror_classic-_of_bian_que/29-七十二舍與七十三舍-位置與運動只差一個數字/,en/Mirror_Classic _of_Bian_Que/29-七十二舍與七十三舍-位置與運動只差一個數字.md,/en/mirror_classic-_of_bian_que/29-七十二舍與七十三舍-位置與運動只差一個數字/,not-translated,preserve-Chinese-filename
bianque-mirror,bianque-mirror-030,30 從「謙歸黃鐘」看完整氣化鏈：三焦、募原與沖任督蹺 (A Complete Qi-Transformation Chain),Mirror_Classic _of_Bian_Que/30-從謙歸黃鐘看完整氣化鏈-三焦募原與沖任督蹺.md,/mirror_classic-_of_bian_que/30-從謙歸黃鐘看完整氣化鏈-三焦募原與沖任督蹺/,en/Mirror_Classic _of_Bian_Que/30-從謙歸黃鐘看完整氣化鏈-三焦募原與沖任督蹺.md,/en/mirror_classic-_of_bian_que/30-從謙歸黃鐘看完整氣化鏈-三焦募原與沖任督蹺/,not-translated,preserve-Chinese-filename
bianque-mirror,bianque-mirror-031,31 什麼叫「通天」？人不是封閉系統 (The Human Body as an Open System),Mirror_Classic _of_Bian_Que/31-什麼叫通天-人不是封閉系統.md,/mirror_classic-_of_bian_que/31-什麼叫通天-人不是封閉系統/,en/Mirror_Classic _of_Bian_Que/31-什麼叫通天-人不是封閉系統.md,/en/mirror_classic-_of_bian_que/31-什麼叫通天-人不是封閉系統/,not-translated,preserve-Chinese-filename
bianque-mirror,bianque-mirror-032,32 天有六氣、地有六味、人有情志：三種輸入如何進入同一系統 (Three Classes of Input),Mirror_Classic _of_Bian_Que/32-天有六氣地有六味人有情志-三種輸入如何進入同一系統.md,/mirror_classic-_of_bian_que/32-天有六氣地有六味人有情志-三種輸入如何進入同一系統/,en/Mirror_Classic _of_Bian_Que/32-天有六氣地有六味人有情志-三種輸入如何進入同一系統.md,/en/mirror_classic-_of_bian_que/32-天有六氣地有六味人有情志-三種輸入如何進入同一系統/,not-translated,preserve-Chinese-filename
bianque-mirror,bianque-mirror-033,33 專、勝、兼、並、通、和：跨自然與人體的六態模型 (Six Interaction States),Mirror_Classic _of_Bian_Que/33-專勝兼並通和-跨自然與人體的六態模型.md,/mirror_classic-_of_bian_que/33-專勝兼並通和-跨自然與人體的六態模型/,en/Mirror_Classic _of_Bian_Que/33-專勝兼並通和-跨自然與人體的六態模型.md,/en/mirror_classic-_of_bian_que/33-專勝兼並通和-跨自然與人體的六態模型/,not-translated,preserve-Chinese-filename
bianque-mirror,bianque-mirror-034,34 兩種味相遇會發生什麼？十五種味化組合 (Fifteen Pairwise Taste Transformations),Mirror_Classic _of_Bian_Que/34-兩種味相遇會發生什麼-十五種味化組合.md,/mirror_classic-_of_bian_que/34-兩種味相遇會發生什麼-十五種味化組合/,en/Mirror_Classic _of_Bian_Que/34-兩種味相遇會發生什麼-十五種味化組合.md,/en/mirror_classic-_of_bian_que/34-兩種味相遇會發生什麼-十五種味化組合/,not-translated,preserve-Chinese-filename
bianque-mirror,bianque-mirror-035,35 情緒也有「合成效應」：十五種五志之化 (Pairwise Transformations of Emotion),Mirror_Classic _of_Bian_Que/35-情緒也有合成效應-十五種五志之化.md,/mirror_classic-_of_bian_que/35-情緒也有合成效應-十五種五志之化/,en/Mirror_Classic _of_Bian_Que/35-情緒也有合成效應-十五種五志之化.md,/en/mirror_classic-_of_bian_que/35-情緒也有合成效應-十五種五志之化/,not-translated,preserve-Chinese-filename
bianque-mirror,bianque-mirror-036,"36 「精食氣，形食味」：形、氣、精如何互相轉換？ (Transformation of Form, Qi, and Essence)",Mirror_Classic _of_Bian_Que/36-精食氣形食味-形氣精如何互相轉換.md,/mirror_classic-_of_bian_que/36-精食氣形食味-形氣精如何互相轉換/,en/Mirror_Classic _of_Bian_Que/36-精食氣形食味-形氣精如何互相轉換.md,/en/mirror_classic-_of_bian_que/36-精食氣形食味-形氣精如何互相轉換/,not-translated,preserve-Chinese-filename
bianque-mirror,bianque-mirror-037,37 風、雷、谷、雨、川、海、天、真：九氣如何落到臟腑？ (Nine Qi and Organ Networks),Mirror_Classic _of_Bian_Que/37-風雷谷雨川海天真-九氣如何落到臟腑.md,/mirror_classic-_of_bian_que/37-風雷谷雨川海天真-九氣如何落到臟腑/,en/Mirror_Classic _of_Bian_Que/37-風雷谷雨川海天真-九氣如何落到臟腑.md,/en/mirror_classic-_of_bian_que/37-風雷谷雨川海天真-九氣如何落到臟腑/,not-translated,preserve-Chinese-filename
bianque-mirror,bianque-mirror-038,38 人體有多少個「海」？《鏡經》的全身交換網路 (The Body as a Network of Seas),Mirror_Classic _of_Bian_Que/38-人體有多少個海-鏡經的全身交換網路.md,/mirror_classic-_of_bian_que/38-人體有多少個海-鏡經的全身交換網路/,en/Mirror_Classic _of_Bian_Que/38-人體有多少個海-鏡經的全身交換網路.md,/en/mirror_classic-_of_bian_que/38-人體有多少個海-鏡經的全身交換網路/,not-translated,preserve-Chinese-filename
bianque-mirror,bianque-mirror-039,39 寸關尺其實不只三格：什麼是二十七候？ (The Twenty-Seven Observation Positions),Mirror_Classic _of_Bian_Que/39-寸關尺其實不只三格-什麼是二十七候.md,/mirror_classic-_of_bian_que/39-寸關尺其實不只三格-什麼是二十七候/,en/Mirror_Classic _of_Bian_Que/39-寸關尺其實不只三格-什麼是二十七候.md,/en/mirror_classic-_of_bian_que/39-寸關尺其實不只三格-什麼是二十七候/,not-translated,preserve-Chinese-filename
bianque-mirror,bianque-mirror-040,40 周差進斷、毅悅昆斂致……二十七個名字到底在標什麼？ (Naming the Twenty-Seven Hou),Mirror_Classic _of_Bian_Que/40-周差進斷毅悅昆斂致-二十七個名字到底在標什麼.md,/mirror_classic-_of_bian_que/40-周差進斷毅悅昆斂致-二十七個名字到底在標什麼/,en/Mirror_Classic _of_Bian_Que/40-周差進斷毅悅昆斂致-二十七個名字到底在標什麼.md,/en/mirror_classic-_of_bian_que/40-周差進斷毅悅昆斂致-二十七個名字到底在標什麼/,not-translated,preserve-Chinese-filename
bianque-mirror,bianque-mirror-041,41 怎樣讀懂一句「謙歸周，質安黃鐘」？ (Decoding a Complete Mirror Classic State Code),Mirror_Classic _of_Bian_Que/41-怎樣讀懂一句謙歸周質安黃鐘.md,/mirror_classic-_of_bian_que/41-怎樣讀懂一句謙歸周質安黃鐘/,en/Mirror_Classic _of_Bian_Que/41-怎樣讀懂一句謙歸周質安黃鐘.md,/en/mirror_classic-_of_bian_que/41-怎樣讀懂一句謙歸周質安黃鐘/,not-translated,preserve-Chinese-filename
bianque-mirror,bianque-mirror-042,42 一舍三候、一候八舍：候和舍不是同一件事 (Hou and She Are Different Layers),Mirror_Classic _of_Bian_Que/42-一舍三候一候八舍-候和舍不是同一件事.md,/mirror_classic-_of_bian_que/42-一舍三候一候八舍-候和舍不是同一件事/,en/Mirror_Classic _of_Bian_Que/42-一舍三候一候八舍-候和舍不是同一件事.md,/en/mirror_classic-_of_bian_que/42-一舍三候一候八舍-候和舍不是同一件事/,not-translated,preserve-Chinese-filename
bianque-mirror,bianque-mirror-043,43 五十營怎樣穿過二十七候？從單點脈診變成時間序列 (From Pulse Point to Time Series),Mirror_Classic _of_Bian_Que/43-五十營怎樣穿過二十七候-從單點脈診變成時間序列.md,/mirror_classic-_of_bian_que/43-五十營怎樣穿過二十七候-從單點脈診變成時間序列/,en/Mirror_Classic _of_Bian_Que/43-五十營怎樣穿過二十七候-從單點脈診變成時間序列.md,/en/mirror_classic-_of_bian_que/43-五十營怎樣穿過二十七候-從單點脈診變成時間序列/,not-translated,preserve-Chinese-filename
bianque-mirror,bianque-mirror-044,44 什麼是「奇恒」？異常必須從正常模型中定義 (Normality Before Abnormality),Mirror_Classic _of_Bian_Que/44-什麼是奇恒-異常必須從正常模型中定義.md,/mirror_classic-_of_bian_que/44-什麼是奇恒-異常必須從正常模型中定義/,en/Mirror_Classic _of_Bian_Que/44-什麼是奇恒-異常必須從正常模型中定義.md,/en/mirror_classic-_of_bian_que/44-什麼是奇恒-異常必須從正常模型中定義/,not-translated,preserve-Chinese-filename
bianque-mirror,bianque-mirror-046,"46 寸口和脈口不是一回事：三寸、九野與二十七候 (Qi Mouth, Cun Mouth, and Pulse Mouth)",Mirror_Classic _of_Bian_Que/46-寸口和脈口不是一回事-三寸九野與二十七候.md,/mirror_classic-_of_bian_que/46-寸口和脈口不是一回事-三寸九野與二十七候/,en/Mirror_Classic _of_Bian_Que/46-寸口和脈口不是一回事-三寸九野與二十七候.md,/en/mirror_classic-_of_bian_que/46-寸口和脈口不是一回事-三寸九野與二十七候/,not-translated,preserve-Chinese-filename
bianque-mirror,bianque-mirror-045,45 氣口為什麼要量三寸？寸、關、尺是三種來源的氣 (Three Sources at the Qi Mouth),Mirror_Classic _of_Bian_Que/45-氣口為什麼要量三寸-寸關尺是三種來源的氣.md,/mirror_classic-_of_bian_que/45-氣口為什麼要量三寸-寸關尺是三種來源的氣/,en/Mirror_Classic _of_Bian_Que/45-氣口為什麼要量三寸-寸關尺是三種來源的氣.md,/en/mirror_classic-_of_bian_que/45-氣口為什麼要量三寸-寸關尺是三種來源的氣/,not-translated,preserve-Chinese-filename
bianque-mirror,bianque-mirror-047,47 脈不是一條線：波湧、隴起與三分六分九分 (Pulse Wave Geometry),Mirror_Classic _of_Bian_Que/47-脈不是一條線-波湧隴起與三六九分.md,/mirror_classic-_of_bian_que/47-脈不是一條線-波湧隴起與三六九分/,en/Mirror_Classic _of_Bian_Que/47-脈不是一條線-波湧隴起與三六九分.md,/en/mirror_classic-_of_bian_que/47-脈不是一條線-波湧隴起與三六九分/,not-translated,preserve-Chinese-filename
bianque-mirror,bianque-mirror-048,48 黃鐘六十分與蕤賓五十三分：怎樣從正常脈律發現偏移？ (Comparing Pulse-Law Baselines),Mirror_Classic _of_Bian_Que/48-黃鐘六十分與蕤賓五十三分-怎樣從正常脈律發現偏移.md,/mirror_classic-_of_bian_que/48-黃鐘六十分與蕤賓五十三分-怎樣從正常脈律發現偏移/,en/Mirror_Classic _of_Bian_Que/48-黃鐘六十分與蕤賓五十三分-怎樣從正常脈律發現偏移.md,/en/mirror_classic-_of_bian_que/48-黃鐘六十分與蕤賓五十三分-怎樣從正常脈律發現偏移/,not-translated,preserve-Chinese-filename
bianque-mirror,bianque-mirror-049,49 什麼叫「揆度」？《鏡經》真正的診斷算法從這裡開始 (The Kuì-Dù Diagnostic Framework),Mirror_Classic _of_Bian_Que/49-什麼叫揆度-鏡經真正的診斷算法從這裡開始.md,/mirror_classic-_of_bian_que/49-什麼叫揆度-鏡經真正的診斷算法從這裡開始/,en/Mirror_Classic _of_Bian_Que/49-什麼叫揆度-鏡經真正的診斷算法從這裡開始.md,/en/mirror_classic-_of_bian_que/49-什麼叫揆度-鏡經真正的診斷算法從這裡開始/,not-translated,preserve-Chinese-filename
bianque-mirror,bianque-mirror-050,50 當位與應位：疾病不是只問「在哪裡」，而是氣在哪裡失去關係 (Position and Response),Mirror_Classic _of_Bian_Que/50-當位與應位-疾病是氣在哪裡失去關係.md,/mirror_classic-_of_bian_que/50-當位與應位-疾病是氣在哪裡失去關係/,en/Mirror_Classic _of_Bian_Que/50-當位與應位-疾病是氣在哪裡失去關係.md,/en/mirror_classic-_of_bian_que/50-當位與應位-疾病是氣在哪裡失去關係/,not-translated,preserve-Chinese-filename
bianque-mirror,bianque-mirror-051,51 五臟「穿鑿」：為什麼心可以與膽、胃、三焦、膀胱、大腸相通？ (Cross-Organ Connectivity),Mirror_Classic _of_Bian_Que/51-五臟穿鑿-為什麼心可與多個腑相通.md,/mirror_classic-_of_bian_que/51-五臟穿鑿-為什麼心可與多個腑相通/,en/Mirror_Classic _of_Bian_Que/51-五臟穿鑿-為什麼心可與多個腑相通.md,/en/mirror_classic-_of_bian_que/51-五臟穿鑿-為什麼心可與多個腑相通/,not-translated,preserve-Chinese-filename
bianque-mirror,bianque-mirror-052,52 六經的深淺真的有數字：六分、五分、四分…… (Quantified Depths of the Six Channels),Mirror_Classic _of_Bian_Que/52-六經的深淺真的有數字-六分五分四分.md,/mirror_classic-_of_bian_que/52-六經的深淺真的有數字-六分五分四分/,en/Mirror_Classic _of_Bian_Que/52-六經的深淺真的有數字-六分五分四分.md,/en/mirror_classic-_of_bian_que/52-六經的深淺真的有數字-六分五分四分/,not-translated,preserve-Chinese-filename
bianque-mirror,bianque-mirror-053,53 十二律的長度如何計算？音分度 × 舍分度 (Calculating Pulse-Law Scale),Mirror_Classic _of_Bian_Que/53-十二律的長度如何計算-音分度乘舍分度.md,/mirror_classic-_of_bian_que/53-十二律的長度如何計算-音分度乘舍分度/,en/Mirror_Classic _of_Bian_Que/53-十二律的長度如何計算-音分度乘舍分度.md,/en/mirror_classic-_of_bian_que/53-十二律的長度如何計算-音分度乘舍分度/,not-translated,preserve-Chinese-filename
bianque-mirror,bianque-mirror-054,54 三十七條經隧有多長？《鏡經》的人體幾何總圖 (A Geometric Map of Thirty-Seven Channels),Mirror_Classic _of_Bian_Que/54-三十七條經隧有多長-鏡經的人體幾何總圖.md,/mirror_classic-_of_bian_que/54-三十七條經隧有多長-鏡經的人體幾何總圖/,en/Mirror_Classic _of_Bian_Que/54-三十七條經隧有多長-鏡經的人體幾何總圖.md,/en/mirror_classic-_of_bian_que/54-三十七條經隧有多長-鏡經的人體幾何總圖/,not-translated,preserve-Chinese-filename
bianque-mirror,bianque-mirror-055,55 少陰之人：為什麼四動也可以是正常？ (Shaoyin-Type Baseline),Mirror_Classic _of_Bian_Que/55-少陰之人-為什麼四動也可以是正常.md,/mirror_classic-_of_bian_que/55-少陰之人-為什麼四動也可以是正常/,en/Mirror_Classic _of_Bian_Que/55-少陰之人-為什麼四動也可以是正常.md,/en/mirror_classic-_of_bian_que/55-少陰之人-為什麼四動也可以是正常/,not-translated,preserve-Chinese-filename
bianque-mirror,bianque-mirror-056,56 太陰之人：三出一入與九分之脈 (Taiyin-Type Baseline),Mirror_Classic _of_Bian_Que/56-太陰之人-三出一入與九分之脈.md,/mirror_classic-_of_bian_que/56-太陰之人-三出一入與九分之脈/,en/Mirror_Classic _of_Bian_Que/56-太陰之人-三出一入與九分之脈.md,/en/mirror_classic-_of_bian_que/56-太陰之人-三出一入與九分之脈/,not-translated,preserve-Chinese-filename
bianque-mirror,bianque-mirror-057,57 厥陰之人：四出一入與三分之脈 (Jueyin-Type Baseline),Mirror_Classic _of_Bian_Que/57-厥陰之人-四出一入與三分之脈.md,/mirror_classic-_of_bian_que/57-厥陰之人-四出一入與三分之脈/,en/Mirror_Classic _of_Bian_Que/57-厥陰之人-四出一入與三分之脈.md,/en/mirror_classic-_of_bian_que/57-厥陰之人-四出一入與三分之脈/,not-translated,preserve-Chinese-filename
bianque-mirror,bianque-mirror-058,58 少陽之人：再入一出與徐息 (Shaoyang-Type Baseline),Mirror_Classic _of_Bian_Que/58-少陽之人-再入一出與徐息.md,/mirror_classic-_of_bian_que/58-少陽之人-再入一出與徐息/,en/Mirror_Classic _of_Bian_Que/58-少陽之人-再入一出與徐息.md,/en/mirror_classic-_of_bian_que/58-少陽之人-再入一出與徐息/,not-translated,preserve-Chinese-filename
bianque-mirror,bianque-mirror-059,59 陽明之人：三入一出與三分湧躍 (Yangming-Type Baseline),Mirror_Classic _of_Bian_Que/59-陽明之人-三入一出與三分湧躍.md,/mirror_classic-_of_bian_que/59-陽明之人-三入一出與三分湧躍/,en/Mirror_Classic _of_Bian_Que/59-陽明之人-三入一出與三分湧躍.md,/en/mirror_classic-_of_bian_que/59-陽明之人-三入一出與三分湧躍/,not-translated,preserve-Chinese-filename
bianque-mirror,bianque-mirror-060,60 太陽之人：四入一出——《扁鵲鏡經》最後留下的個體化醫學 (Taiyang and Individualized Baselines),Mirror_Classic _of_Bian_Que/60-太陽之人-四入一出與鏡經的個體化醫學.md,/mirror_classic-_of_bian_que/60-太陽之人-四入一出與鏡經的個體化醫學/,en/Mirror_Classic _of_Bian_Que/60-太陽之人-四入一出與鏡經的個體化醫學.md,/en/mirror_classic-_of_bian_que/60-太陽之人-四入一出與鏡經的個體化醫學/,not-translated,preserve-Chinese-filename
