translationKey,domain,originalOrder,guideOrder,traditionalTitle,localizedTitle,traditionalPath,localizedPath,traditionalFile,localizedFile
acupuncture-001,acupuncture,1,10,穴位也許不是「點」：《針灸甲乙經》裡隱藏的相位控制圖,ツボは「点」ではないかもしれない――『鍼灸甲乙経』に隠れた位相制御図,/acupuncture_concept/01-穴位也許不是點-針灸甲乙經裡隱藏的相位控制圖/,/ja/acupuncture_concept/01-穴位也許不是點-針灸甲乙經裡隱藏的相位控制圖/,acupuncture_concept/穴位也許不是點-針灸甲乙經裡隱藏的相位控制圖.md,acupuncture_concept/穴位也許不是點-針灸甲乙經裡隱藏的相位控制圖_日文.md
acupuncture-002,acupuncture,2,20,三條幾何語法，為什麼能回溯近九成《甲乙經》穴位主治？,三つの幾何学文法は、なぜ『甲乙経』穴位主治の約九割を遡及できるのか,/acupuncture_concept/02-三條幾何語法-為什麼能回溯近九成甲乙經穴位主治/,/ja/acupuncture_concept/02-三條幾何語法-為什麼能回溯近九成甲乙經穴位主治/,acupuncture_concept/三條幾何語法-為什麼能回溯近九成甲乙經穴位主治.md,acupuncture_concept/三條幾何語法-為什麼能回溯近九成甲乙經穴位主治_日文.md
acupuncture-003,acupuncture,3,30,一個腳上的穴，為什麼會治頭與咽喉？遠端取穴的幾何答案,足のツボがなぜ頭と咽喉を治すのか――遠隔取穴の幾何学的な答え,/acupuncture_concept/03-一個腳上的穴-為什麼會治頭與咽喉-遠端取穴的幾何答案/,/ja/acupuncture_concept/03-一個腳上的穴-為什麼會治頭與咽喉-遠端取穴的幾何答案/,acupuncture_concept/一個腳上的穴-為什麼會治頭與咽喉-遠端取穴的幾何答案.md,acupuncture_concept/一個腳上的穴-為什麼會治頭與咽喉-遠端取穴的幾何答案_日文.md
acupuncture-004,acupuncture,4,40,井、滎、輸、經、合不是五個古老名詞：它們可能是一套邊界控制棧,井・滎・輸・経・合は五つの古語ではない――境界制御スタックの可能性,/acupuncture_concept/04-井滎輸經合不是五個古老名詞-它們可能是一套邊界控制棧/,/ja/acupuncture_concept/04-井滎輸經合不是五個古老名詞-它們可能是一套邊界控制棧/,acupuncture_concept/井滎輸經合不是五個古老名詞-它們可能是一套邊界控制棧.md,acupuncture_concept/井滎輸經合不是五個古老名詞-它們可能是一套邊界控制棧_日文.md
acupuncture-005,acupuncture,5,50,六氣真的寫在經絡相位上嗎？風、寒、濕、火窗口與一個意外的漏洞,六気は経絡位相に書き込まれているのか――風・寒・湿・火の窓と意外な穴,/acupuncture_concept/05-六氣真的寫在經絡相位上嗎-風寒濕火窗口與一個意外漏洞/,/ja/acupuncture_concept/05-六氣真的寫在經絡相位上嗎-風寒濕火窗口與一個意外漏洞/,acupuncture_concept/六氣真的寫在經絡相位上嗎-風寒濕火窗口與一個意外漏洞.md,acupuncture_concept/六氣真的寫在經絡相位上嗎-風寒濕火窗口與一個意外漏洞_日文.md
acupuncture-006,acupuncture,6,60,風池為什麼叫「風池」？古人穴名可能不是詩意，而是壓縮碼,風池はなぜ「風池」と呼ばれるのか――穴名は詩ではなく圧縮コードかもしれない,/acupuncture_concept/06-風池為什麼叫風池-古人穴名可能不是詩意而是壓縮碼/,/ja/acupuncture_concept/06-風池為什麼叫風池-古人穴名可能不是詩意而是壓縮碼/,acupuncture_concept/風池為什麼叫風池-古人穴名可能不是詩意而是壓縮碼.md,acupuncture_concept/風池為什麼叫風池-古人穴名可能不是詩意而是壓縮碼_日文.md
bianque-mirror-001,bianque-mirror,1,10,氣真的可以被測量嗎？《扁鵲鏡經》的第一把鑰匙,気は本当に測れるのか？――『扁鵲鏡経』を読む第一の鍵,/mirror_classic-_of_bian_que/01-氣真的可以被測量嗎-扁鵲鏡經的第一把鑰匙/,/ja/mirror_classic-_of_bian_que/01-氣真的可以被測量嗎-扁鵲鏡經的第一把鑰匙/,Mirror_Classic _of_Bian_Que/氣真的可以被測量嗎-扁鵲鏡經的第一把鑰匙.md,Mirror_Classic _of_Bian_Que/氣真的可以被測量嗎-扁鵲鏡經的第一把鑰匙_日文.md
bianque-mirror-002,bianque-mirror,2,20,一呼一吸之間：什麼叫「平人一息」？,一呼一吸のあいだ――「平人一息」とは何か？,/mirror_classic-_of_bian_que/02-一呼一吸之間-什麼叫平人一息/,/ja/mirror_classic-_of_bian_que/02-一呼一吸之間-什麼叫平人一息/,Mirror_Classic _of_Bian_Que/一呼一吸之間-什麼叫平人一息.md,Mirror_Classic _of_Bian_Que/一呼一吸之間-什麼叫平人一息_日文.md
bianque-mirror-003,bianque-mirror,3,30,一息脈五動、氣行六寸：古人怎樣把氣化變成數字？,一息に脈五動、気は六寸――古人は気化をどう数値化したのか,/mirror_classic-_of_bian_que/03-一息脈五動氣行六寸-古人怎樣把氣化變成數字/,/ja/mirror_classic-_of_bian_que/03-一息脈五動氣行六寸-古人怎樣把氣化變成數字/,Mirror_Classic _of_Bian_Que/一息脈五動氣行六寸-古人怎樣把氣化變成數字.md,Mirror_Classic _of_Bian_Que/一息脈五動氣行六寸-古人怎樣把氣化變成數字_日文.md
bianque-mirror-004,bianque-mirror,4,40,「寸」不是公分：骨度如何成為人體自己的尺？,「寸」はセンチメートルではない――骨度はどう人体自身の物差しになるのか,/mirror_classic-_of_bian_que/04-寸不是公分-骨度如何成為人體自己的尺/,/ja/mirror_classic-_of_bian_que/04-寸不是公分-骨度如何成為人體自己的尺/,Mirror_Classic _of_Bian_Que/寸不是公分-骨度如何成為人體自己的尺.md,Mirror_Classic _of_Bian_Que/寸不是公分-骨度如何成為人體自己的尺_日文.md
bianque-mirror-005,bianque-mirror,5,50,從六寸到二十二丈三尺六寸：氣如何走完人體一周？,六寸から二十二丈三尺六寸へ――気はどう全身を一周するのか,/mirror_classic-_of_bian_que/05-從六寸到二十二丈三尺六寸-氣如何走完人體一周/,/ja/mirror_classic-_of_bian_que/05-從六寸到二十二丈三尺六寸-氣如何走完人體一周/,Mirror_Classic _of_Bian_Que/從六寸到二十二丈三尺六寸-氣如何走完人體一周.md,Mirror_Classic _of_Bian_Que/從六寸到二十二丈三尺六寸-氣如何走完人體一周_日文.md
bianque-mirror-006,bianque-mirror,6,60,人體為什麼要和一天對時？十二辰、百刻與五十營,人体はなぜ一日と時を合わせるのか――十二辰・百刻・五十営,/mirror_classic-_of_bian_que/06-人體為什麼要和一天對時-十二辰百刻與五十營/,/ja/mirror_classic-_of_bian_que/06-人體為什麼要和一天對時-十二辰百刻與五十營/,Mirror_Classic _of_Bian_Que/人體為什麼要和一天對時-十二辰百刻與五十營.md,Mirror_Classic _of_Bian_Que/人體為什麼要和一天對時-十二辰百刻與五十營_日文.md
bianque-mirror-007,bianque-mirror,7,70,脈為什麼有快慢長短？一動一寸五分的意義,脈にはなぜ快慢・長短があるのか――一動一寸五分の意味,/mirror_classic-_of_bian_que/07-脈為什麼有快慢長短-一動一寸五分的意義/,/ja/mirror_classic-_of_bian_que/07-脈為什麼有快慢長短-一動一寸五分的意義/,Mirror_Classic _of_Bian_Que/脈為什麼有快慢長短-一動一寸五分的意義.md,Mirror_Classic _of_Bian_Que/脈為什麼有快慢長短-一動一寸五分的意義_日文.md
bianque-mirror-008,bianque-mirror,8,80,音、息、脈其實是同一件事的不同投影,音・息・脈は同じ過程の異なる投影である,/mirror_classic-_of_bian_que/08-音息脈其實是同一件事的不同投影/,/ja/mirror_classic-_of_bian_que/08-音息脈其實是同一件事的不同投影/,Mirror_Classic _of_Bian_Que/音息脈其實是同一件事的不同投影.md,Mirror_Classic _of_Bian_Que/音息脈其實是同一件事的不同投影_日文.md
bianque-mirror-009,bianque-mirror,9,90,人為什麼有自己的「稟音」？,人はなぜ自分固有の「稟音」をもつのか,/mirror_classic-_of_bian_que/09-人為什麼有自己的稟音/,/ja/mirror_classic-_of_bian_que/09-人為什麼有自己的稟音/,Mirror_Classic _of_Bian_Que/人為什麼有自己的稟音.md,Mirror_Classic _of_Bian_Que/人為什麼有自己的稟音_日文.md
bianque-mirror-010,bianque-mirror,10,100,甬、宮、商、角、徵、羽、穌：人體聲音的七層尺度,甬・宮・商・角・徴・羽・穌――人体音声の七層尺度,/mirror_classic-_of_bian_que/10-甬宮商角徵羽穌-人體聲音的七層尺度/,/ja/mirror_classic-_of_bian_que/10-甬宮商角徵羽穌-人體聲音的七層尺度/,Mirror_Classic _of_Bian_Que/甬宮商角徵羽穌-人體聲音的七層尺度.md,Mirror_Classic _of_Bian_Que/甬宮商角徵羽穌-人體聲音的七層尺度_日文.md
bianque-mirror-011,bianque-mirror,11,110,一音十分：正、少、眾、開、判、質、虞、加、太、上,一音を十分する――正・少・衆・開・判・質・虞・加・太・上,/mirror_classic-_of_bian_que/11-一音十分-正少眾開判質虞加太上/,/ja/mirror_classic-_of_bian_que/11-一音十分-正少眾開判質虞加太上/,Mirror_Classic _of_Bian_Que/一音十分-正少眾開判質虞加太上.md,Mirror_Classic _of_Bian_Que/一音十分-正少眾開判質虞加太上_日文.md
bianque-mirror-012,bianque-mirror,12,120,古人的音高不是高低而已：十分度究竟在量什麼？,古人の「音の高下」は高さだけではない――十分度は何を測るのか,/mirror_classic-_of_bian_que/12-古人的音高不是高低而已-十分度在量什麼/,/ja/mirror_classic-_of_bian_que/12-古人的音高不是高低而已-十分度在量什麼/,Mirror_Classic _of_Bian_Que/古人的音高不是高低而已-十分度在量什麼.md,Mirror_Classic _of_Bian_Que/古人的音高不是高低而已-十分度在量什麼_日文.md
bianque-mirror-013,bianque-mirror,13,130,安、孚、躬、彁、執、淩、解、變、隨、盉從哪裡來？,安・孚・躬・彁・執・淩・解・変・随・盉はどこから来るのか,/mirror_classic-_of_bian_que/13-安孚躬彁執淩解變隨盉從哪裡來/,/ja/mirror_classic-_of_bian_que/13-安孚躬彁執淩解變隨盉從哪裡來/,Mirror_Classic _of_Bian_Que/安孚躬彁執淩解變隨盉從哪裡來.md,Mirror_Classic _of_Bian_Que/安孚躬彁執淩解變隨盉從哪裡來_日文.md
bianque-mirror-014,bianque-mirror,14,140,為什麼同一個「安」還要分左右？,なぜ同じ「安」でも左右を分けるのか,/mirror_classic-_of_bian_que/14-為什麼同一個安還要分左右/,/ja/mirror_classic-_of_bian_que/14-為什麼同一個安還要分左右/,Mirror_Classic _of_Bian_Que/為什麼同一個安還要分左右.md,Mirror_Classic _of_Bian_Que/為什麼同一個安還要分左右_日文.md
bianque-mirror-015,bianque-mirror,15,150,從十音到兩千一百音：為什麼《鏡經》需要這麼大的狀態空間？,十音から二千百音へ――なぜこれほど大きな状態空間が必要なのか,/mirror_classic-_of_bian_que/15-從十音到兩千一百音-為什麼需要這麼大的狀態空間/,/ja/mirror_classic-_of_bian_que/15-從十音到兩千一百音-為什麼需要這麼大的狀態空間/,Mirror_Classic _of_Bian_Que/從十音到兩千一百音-為什麼需要這麼大的狀態空間.md,Mirror_Classic _of_Bian_Que/從十音到兩千一百音-為什麼需要這麼大的狀態空間_日文.md
bianque-mirror-016,bianque-mirror,16,160,六十首到底是什麼？它不是六十首音樂,六十首とは何か――六十曲の音楽ではない,/mirror_classic-_of_bian_que/16-六十首到底是什麼-它不是六十首音樂/,/ja/mirror_classic-_of_bian_que/16-六十首到底是什麼-它不是六十首音樂/,Mirror_Classic _of_Bian_Que/六十首到底是什麼-它不是六十首音樂.md,Mirror_Classic _of_Bian_Que/六十首到底是什麼-它不是六十首音樂_日文.md
bianque-mirror-017,bianque-mirror,17,170,十二律為什麼會進入人體？六經與十二律的配對,なぜ十二律が人体へ入るのか――六経と十二律の配対,/mirror_classic-_of_bian_que/17-十二律為什麼會進入人體-六經與十二律的配對/,/ja/mirror_classic-_of_bian_que/17-十二律為什麼會進入人體-六經與十二律的配對/,Mirror_Classic _of_Bian_Que/十二律為什麼會進入人體-六經與十二律的配對.md,Mirror_Classic _of_Bian_Que/十二律為什麼會進入人體-六經與十二律的配對_日文.md
bianque-mirror-018,bianque-mirror,18,180,六經不是六條線：經緯、樞持與四維,六経は六本の線ではない――経緯・枢持・四維,/mirror_classic-_of_bian_que/18-六經不是六條線-經緯樞持與四維/,/ja/mirror_classic-_of_bian_que/18-六經不是六條線-經緯樞持與四維/,Mirror_Classic _of_Bian_Que/六經不是六條線-經緯樞持與四維.md,Mirror_Classic _of_Bian_Que/六經不是六條線-經緯樞持與四維_日文.md
bianque-mirror-019,bianque-mirror,19,190,十二律如何變成七十二舍？,十二律はどう七十二舍へ変わるのか,/mirror_classic-_of_bian_que/19-十二律如何變成七十二舍/,/ja/mirror_classic-_of_bian_que/19-十二律如何變成七十二舍/,Mirror_Classic _of_Bian_Que/十二律如何變成七十二舍.md,Mirror_Classic _of_Bian_Que/十二律如何變成七十二舍_日文.md
bianque-mirror-020,bianque-mirror,20,200,順六十首與逆六十首：氣化不是靜態表格，而是一條路徑,順六十首と逆六十首――気化は静的な表ではなく経路である,/mirror_classic-_of_bian_que/20-順六十首與逆六十首-氣化不是靜態表格/,/ja/mirror_classic-_of_bian_que/20-順六十首與逆六十首-氣化不是靜態表格/,Mirror_Classic _of_Bian_Que/順六十首與逆六十首-氣化不是靜態表格.md,Mirror_Classic _of_Bian_Que/順六十首與逆六十首-氣化不是靜態表格_日文.md
bianque-mirror-021,bianque-mirror,21,210,「首」到底是什麼？為什麼診斷一定要先立首？,「首」とは何か――なぜ診断ではまず「立首」するのか,/mirror_classic-_of_bian_que/21-首到底是什麼-為什麼診斷一定要先立首/,/ja/mirror_classic-_of_bian_que/21-首到底是什麼-為什麼診斷一定要先立首/,Mirror_Classic _of_Bian_Que/首到底是什麼-為什麼診斷一定要先立首.md,Mirror_Classic _of_Bian_Que/首到底是什麼-為什麼診斷一定要先立首_日文.md
bianque-mirror-022,bianque-mirror,22,220,首與舍：從一個狀態碼推出氣往哪裡走,首と舍――一つの状態コードから気の行方を推す,/mirror_classic-_of_bian_que/22-首與舍-從一個狀態碼推出氣往哪裡走/,/ja/mirror_classic-_of_bian_que/22-首與舍-從一個狀態碼推出氣往哪裡走/,Mirror_Classic _of_Bian_Que/首與舍-從一個狀態碼推出氣往哪裡走.md,Mirror_Classic _of_Bian_Que/首與舍-從一個狀態碼推出氣往哪裡走_日文.md
bianque-mirror-023,bianque-mirror,23,230,走路為什麼是右手配左腳？《鏡經》的交叉經絡觀,歩くとき、なぜ右手と左足が組むのか――『鏡経』の交叉経絡観,/mirror_classic-_of_bian_que/23-走路為什麼是右手配左腳-鏡經的交叉經絡觀/,/ja/mirror_classic-_of_bian_que/23-走路為什麼是右手配左腳-鏡經的交叉經絡觀/,Mirror_Classic _of_Bian_Que/走路為什麼是右手配左腳-鏡經的交叉經絡觀.md,Mirror_Classic _of_Bian_Que/走路為什麼是右手配左腳-鏡經的交叉經絡觀_日文.md
bianque-mirror-024,bianque-mirror,24,240,溪、谷、節、舍：氣到底在哪裡交換？,溪・谷・節・舍――気はどこで交換されるのか,/mirror_classic-_of_bian_que/24-溪谷節舍-氣到底在哪裡交換/,/ja/mirror_classic-_of_bian_que/24-溪谷節舍-氣到底在哪裡交換/,Mirror_Classic _of_Bian_Que/溪谷節舍-氣到底在哪裡交換.md,Mirror_Classic _of_Bian_Que/溪谷節舍-氣到底在哪裡交換_日文.md
bianque-mirror-025,bianque-mirror,25,250,謙、歸、藏、生、動、長、育、止、壴：九氣是一條生命循環,謙・帰・蔵・生・動・長・育・止・壴――九気は生命循環を表す,/mirror_classic-_of_bian_que/25-謙歸藏生動長育止壴-九氣是一條生命循環/,/ja/mirror_classic-_of_bian_que/25-謙歸藏生動長育止壴-九氣是一條生命循環/,Mirror_Classic _of_Bian_Que/謙歸藏生動長育止壴-九氣是一條生命循環.md,Mirror_Classic _of_Bian_Que/謙歸藏生動長育止壴-九氣是一條生命循環_日文.md
bianque-mirror-026,bianque-mirror,26,260,專、勝、兼、並、通、和：氣與氣相遇的六種基本關係,専・勝・兼・並・通・和――気と気が出会う六つの基本関係,/mirror_classic-_of_bian_que/26-專勝兼並通和-氣與氣相遇的六種基本關係/,/ja/mirror_classic-_of_bian_que/26-專勝兼並通和-氣與氣相遇的六種基本關係/,Mirror_Classic _of_Bian_Que/專勝兼並通和-氣與氣相遇的六種基本關係.md,Mirror_Classic _of_Bian_Que/專勝兼並通和-氣與氣相遇的六種基本關係_日文.md
bianque-mirror-027,bianque-mirror,27,270,一個人同時有三層音：稟受、由行與差移,一人に三層の音が同時にある――稟受・由行・差移,/mirror_classic-_of_bian_que/27-一個人同時有三層音-稟受由行與差移/,/ja/mirror_classic-_of_bian_que/27-一個人同時有三層音-稟受由行與差移/,Mirror_Classic _of_Bian_Que/一個人同時有三層音-稟受由行與差移.md,Mirror_Classic _of_Bian_Que/一個人同時有三層音-稟受由行與差移_日文.md
bianque-mirror-028,bianque-mirror,28,280,八舍真正記錄的是什麼？十二經如何跨手足配對,八舍は本当は何を記録しているのか――十二経の手足横断配対,/mirror_classic-_of_bian_que/28-八舍真正記錄的是什麼-十二經如何跨手足配對/,/ja/mirror_classic-_of_bian_que/28-八舍真正記錄的是什麼-十二經如何跨手足配對/,Mirror_Classic _of_Bian_Que/八舍真正記錄的是什麼-十二經如何跨手足配對.md,Mirror_Classic _of_Bian_Que/八舍真正記錄的是什麼-十二經如何跨手足配對_日文.md
bianque-mirror-029,bianque-mirror,29,290,七十二舍與七十三舍：位置與運動只差一個數字,七十二舍と七十三舍――位置と運動を分ける「一」の差,/mirror_classic-_of_bian_que/29-七十二舍與七十三舍-位置與運動只差一個數字/,/ja/mirror_classic-_of_bian_que/29-七十二舍與七十三舍-位置與運動只差一個數字/,Mirror_Classic _of_Bian_Que/七十二舍與七十三舍-位置與運動只差一個數字.md,Mirror_Classic _of_Bian_Que/七十二舍與七十三舍-位置與運動只差一個數字_日文.md
bianque-mirror-030,bianque-mirror,30,300,從「謙歸黃鐘」看完整氣化鏈：三焦、募原與沖任督蹺,「謙帰黄鐘」から完全な気化鎖を見る――三焦・募原・衝任督蹺,/mirror_classic-_of_bian_que/30-從謙歸黃鐘看完整氣化鏈-三焦募原與沖任督蹺/,/ja/mirror_classic-_of_bian_que/30-從謙歸黃鐘看完整氣化鏈-三焦募原與沖任督蹺/,Mirror_Classic _of_Bian_Que/從謙歸黃鐘看完整氣化鏈-三焦募原與沖任督蹺.md,Mirror_Classic _of_Bian_Que/從謙歸黃鐘看完整氣化鏈-三焦募原與沖任督蹺_日文.md
bianque-mirror-031,bianque-mirror,31,310,什麼叫「通天」？人不是封閉系統,「通天」とは何か――人は閉鎖系ではない,/mirror_classic-_of_bian_que/31-什麼叫通天-人不是封閉系統/,/ja/mirror_classic-_of_bian_que/31-什麼叫通天-人不是封閉系統/,Mirror_Classic _of_Bian_Que/什麼叫通天-人不是封閉系統.md,Mirror_Classic _of_Bian_Que/什麼叫通天-人不是封閉系統_日文.md
bianque-mirror-032,bianque-mirror,32,320,天有六氣、地有六味、人有情志：三種輸入如何進入同一系統,天には六気、地には六味、人には情志――三種の入力はどう同じ系に入るのか,/mirror_classic-_of_bian_que/32-天有六氣地有六味人有情志-三種輸入如何進入同一系統/,/ja/mirror_classic-_of_bian_que/32-天有六氣地有六味人有情志-三種輸入如何進入同一系統/,Mirror_Classic _of_Bian_Que/天有六氣地有六味人有情志-三種輸入如何進入同一系統.md,Mirror_Classic _of_Bian_Que/天有六氣地有六味人有情志-三種輸入如何進入同一系統_日文.md
bianque-mirror-033,bianque-mirror,33,330,專、勝、兼、並、通、和：跨自然與人體的六態模型,専・勝・兼・並・通・和――自然と人体をまたぐ六態モデル,/mirror_classic-_of_bian_que/33-專勝兼並通和-跨自然與人體的六態模型/,/ja/mirror_classic-_of_bian_que/33-專勝兼並通和-跨自然與人體的六態模型/,Mirror_Classic _of_Bian_Que/專勝兼並通和-跨自然與人體的六態模型.md,Mirror_Classic _of_Bian_Que/專勝兼並通和-跨自然與人體的六態模型_日文.md
bianque-mirror-034,bianque-mirror,34,340,兩種味相遇會發生什麼？十五種味化組合,二つの味が出会うと何が起こるのか――十五の味化組み合わせ,/mirror_classic-_of_bian_que/34-兩種味相遇會發生什麼-十五種味化組合/,/ja/mirror_classic-_of_bian_que/34-兩種味相遇會發生什麼-十五種味化組合/,Mirror_Classic _of_Bian_Que/兩種味相遇會發生什麼-十五種味化組合.md,Mirror_Classic _of_Bian_Que/兩種味相遇會發生什麼-十五種味化組合_日文.md
bianque-mirror-035,bianque-mirror,35,350,情緒也有「合成效應」：十五種五志之化,感情にも「合成効果」がある――十五種の五志之化,/mirror_classic-_of_bian_que/35-情緒也有合成效應-十五種五志之化/,/ja/mirror_classic-_of_bian_que/35-情緒也有合成效應-十五種五志之化/,Mirror_Classic _of_Bian_Que/情緒也有合成效應-十五種五志之化.md,Mirror_Classic _of_Bian_Que/情緒也有合成效應-十五種五志之化_日文.md
bianque-mirror-036,bianque-mirror,36,360,「精食氣，形食味」：形、氣、精如何互相轉換？,「精は気を食し、形は味を食す」――形・気・精はどう転化するのか,/mirror_classic-_of_bian_que/36-精食氣形食味-形氣精如何互相轉換/,/ja/mirror_classic-_of_bian_que/36-精食氣形食味-形氣精如何互相轉換/,Mirror_Classic _of_Bian_Que/精食氣形食味-形氣精如何互相轉換.md,Mirror_Classic _of_Bian_Que/精食氣形食味-形氣精如何互相轉換_日文.md
bianque-mirror-037,bianque-mirror,37,370,風、雷、谷、雨、川、海、天、真：九氣如何落到臟腑？,風・雷・谷・雨・川・海・天・真――九気はどう臓腑へ落ちるのか,/mirror_classic-_of_bian_que/37-風雷谷雨川海天真-九氣如何落到臟腑/,/ja/mirror_classic-_of_bian_que/37-風雷谷雨川海天真-九氣如何落到臟腑/,Mirror_Classic _of_Bian_Que/風雷谷雨川海天真-九氣如何落到臟腑.md,Mirror_Classic _of_Bian_Que/風雷谷雨川海天真-九氣如何落到臟腑_日文.md
bianque-mirror-038,bianque-mirror,38,380,人體有多少個「海」？《鏡經》的全身交換網路,人体にはいくつの「海」があるのか――『鏡経』の全身交換ネットワーク,/mirror_classic-_of_bian_que/38-人體有多少個海-鏡經的全身交換網路/,/ja/mirror_classic-_of_bian_que/38-人體有多少個海-鏡經的全身交換網路/,Mirror_Classic _of_Bian_Que/人體有多少個海-鏡經的全身交換網路.md,Mirror_Classic _of_Bian_Que/人體有多少個海-鏡經的全身交換網路_日文.md
bianque-mirror-039,bianque-mirror,39,390,寸關尺其實不只三格：什麼是二十七候？,寸関尺は三つの枠だけではない――二十七候とは何か,/mirror_classic-_of_bian_que/39-寸關尺其實不只三格-什麼是二十七候/,/ja/mirror_classic-_of_bian_que/39-寸關尺其實不只三格-什麼是二十七候/,Mirror_Classic _of_Bian_Que/寸關尺其實不只三格-什麼是二十七候.md,Mirror_Classic _of_Bian_Que/寸關尺其實不只三格-什麼是二十七候_日文.md
bianque-mirror-040,bianque-mirror,40,400,周差進斷、毅悅昆斂致……二十七個名字到底在標什麼？,周・差・進・断、毅・悦・昆・斂・致……二十七の名は何を標すのか,/mirror_classic-_of_bian_que/40-周差進斷毅悅昆斂致-二十七個名字到底在標什麼/,/ja/mirror_classic-_of_bian_que/40-周差進斷毅悅昆斂致-二十七個名字到底在標什麼/,Mirror_Classic _of_Bian_Que/周差進斷毅悅昆斂致-二十七個名字到底在標什麼.md,Mirror_Classic _of_Bian_Que/周差進斷毅悅昆斂致-二十七個名字到底在標什麼_日文.md
bianque-mirror-041,bianque-mirror,41,410,怎樣讀懂一句「謙歸周，質安黃鐘」？,「謙帰周、質安黄鐘」をどう読むか,/mirror_classic-_of_bian_que/41-怎樣讀懂一句謙歸周質安黃鐘/,/ja/mirror_classic-_of_bian_que/41-怎樣讀懂一句謙歸周質安黃鐘/,Mirror_Classic _of_Bian_Que/怎樣讀懂一句謙歸周質安黃鐘.md,Mirror_Classic _of_Bian_Que/怎樣讀懂一句謙歸周質安黃鐘_日文.md
bianque-mirror-042,bianque-mirror,42,420,一舍三候、一候八舍：候和舍不是同一件事,一舍三候・一候八舍――候と舍は同じものではない,/mirror_classic-_of_bian_que/42-一舍三候一候八舍-候和舍不是同一件事/,/ja/mirror_classic-_of_bian_que/42-一舍三候一候八舍-候和舍不是同一件事/,Mirror_Classic _of_Bian_Que/一舍三候一候八舍-候和舍不是同一件事.md,Mirror_Classic _of_Bian_Que/一舍三候一候八舍-候和舍不是同一件事_日文.md
bianque-mirror-043,bianque-mirror,43,430,五十營怎樣穿過二十七候？從單點脈診變成時間序列,五十営はどう二十七候を通過するのか――単点脈診から時系列へ,/mirror_classic-_of_bian_que/43-五十營怎樣穿過二十七候-從單點脈診變成時間序列/,/ja/mirror_classic-_of_bian_que/43-五十營怎樣穿過二十七候-從單點脈診變成時間序列/,Mirror_Classic _of_Bian_Que/五十營怎樣穿過二十七候-從單點脈診變成時間序列.md,Mirror_Classic _of_Bian_Que/五十營怎樣穿過二十七候-從單點脈診變成時間序列_日文.md
bianque-mirror-044,bianque-mirror,44,440,什麼是「奇恒」？異常必須從正常模型中定義,「奇恒」とは何か――異常は正常モデルから定義される,/mirror_classic-_of_bian_que/44-什麼是奇恒-異常必須從正常模型中定義/,/ja/mirror_classic-_of_bian_que/44-什麼是奇恒-異常必須從正常模型中定義/,Mirror_Classic _of_Bian_Que/什麼是奇恒-異常必須從正常模型中定義.md,Mirror_Classic _of_Bian_Que/什麼是奇恒-異常必須從正常模型中定義_日文.md
bianque-mirror-046,bianque-mirror,46,450,寸口和脈口不是一回事：三寸、九野與二十七候,寸口と脈口は同じではない――三寸・九野・二十七候,/mirror_classic-_of_bian_que/46-寸口和脈口不是一回事-三寸九野與二十七候/,/ja/mirror_classic-_of_bian_que/46-寸口和脈口不是一回事-三寸九野與二十七候/,Mirror_Classic _of_Bian_Que/寸口和脈口不是一回事-三寸九野與二十七候.md,Mirror_Classic _of_Bian_Que/寸口和脈口不是一回事-三寸九野與二十七候_日文.md
bianque-mirror-045,bianque-mirror,45,460,氣口為什麼要量三寸？寸、關、尺是三種來源的氣,なぜ気口を三寸で測るのか――寸・関・尺は三つの気の来源をみる,/mirror_classic-_of_bian_que/45-氣口為什麼要量三寸-寸關尺是三種來源的氣/,/ja/mirror_classic-_of_bian_que/45-氣口為什麼要量三寸-寸關尺是三種來源的氣/,Mirror_Classic _of_Bian_Que/氣口為什麼要量三寸-寸關尺是三種來源的氣.md,Mirror_Classic _of_Bian_Que/氣口為什麼要量三寸-寸關尺是三種來源的氣_日文.md
bianque-mirror-047,bianque-mirror,47,470,脈不是一條線：波湧、隴起與三分六分九分,脈は一本の線ではない――波湧・隴起と三分・六分・九分,/mirror_classic-_of_bian_que/47-脈不是一條線-波湧隴起與三六九分/,/ja/mirror_classic-_of_bian_que/47-脈不是一條線-波湧隴起與三六九分/,Mirror_Classic _of_Bian_Que/脈不是一條線-波湧隴起與三六九分.md,Mirror_Classic _of_Bian_Que/脈不是一條線-波湧隴起與三六九分_日文.md
bianque-mirror-048,bianque-mirror,48,480,黃鐘六十分與蕤賓五十三分：怎樣從正常脈律發現偏移？,黄鐘六十分と蕤賓五十三分――正常な脈律から偏移をどう見つけるか,/mirror_classic-_of_bian_que/48-黃鐘六十分與蕤賓五十三分-怎樣從正常脈律發現偏移/,/ja/mirror_classic-_of_bian_que/48-黃鐘六十分與蕤賓五十三分-怎樣從正常脈律發現偏移/,Mirror_Classic _of_Bian_Que/黃鐘六十分與蕤賓五十三分-怎樣從正常脈律發現偏移.md,Mirror_Classic _of_Bian_Que/黃鐘六十分與蕤賓五十三分-怎樣從正常脈律發現偏移_日文.md
bianque-mirror-049,bianque-mirror,49,490,什麼叫「揆度」？《鏡經》真正的診斷算法從這裡開始,「揆度」とは何か――『鏡経』の診断アルゴリズムはここから始まる,/mirror_classic-_of_bian_que/49-什麼叫揆度-鏡經真正的診斷算法從這裡開始/,/ja/mirror_classic-_of_bian_que/49-什麼叫揆度-鏡經真正的診斷算法從這裡開始/,Mirror_Classic _of_Bian_Que/什麼叫揆度-鏡經真正的診斷算法從這裡開始.md,Mirror_Classic _of_Bian_Que/什麼叫揆度-鏡經真正的診斷算法從這裡開始_日文.md
bianque-mirror-050,bianque-mirror,50,500,當位與應位：疾病不是只問「在哪裡」，而是氣在哪裡失去關係,当位と応位――病は「どこにあるか」だけでなく、どこで関係を失ったか,/mirror_classic-_of_bian_que/50-當位與應位-疾病是氣在哪裡失去關係/,/ja/mirror_classic-_of_bian_que/50-當位與應位-疾病是氣在哪裡失去關係/,Mirror_Classic _of_Bian_Que/當位與應位-疾病是氣在哪裡失去關係.md,Mirror_Classic _of_Bian_Que/當位與應位-疾病是氣在哪裡失去關係_日文.md
bianque-mirror-051,bianque-mirror,51,510,五臟「穿鑿」：為什麼心可以與膽、胃、三焦、膀胱、大腸相通？,五臓の「穿鑿」――なぜ心は胆・胃・三焦・膀胱・大腸とも通じるのか,/mirror_classic-_of_bian_que/51-五臟穿鑿-為什麼心可與多個腑相通/,/ja/mirror_classic-_of_bian_que/51-五臟穿鑿-為什麼心可與多個腑相通/,Mirror_Classic _of_Bian_Que/五臟穿鑿-為什麼心可與多個腑相通.md,Mirror_Classic _of_Bian_Que/五臟穿鑿-為什麼心可與多個腑相通_日文.md
bianque-mirror-052,bianque-mirror,52,520,六經的深淺真的有數字：六分、五分、四分……,六経の深浅には本当に数値がある――六分・五分・四分……,/mirror_classic-_of_bian_que/52-六經的深淺真的有數字-六分五分四分/,/ja/mirror_classic-_of_bian_que/52-六經的深淺真的有數字-六分五分四分/,Mirror_Classic _of_Bian_Que/六經的深淺真的有數字-六分五分四分.md,Mirror_Classic _of_Bian_Que/六經的深淺真的有數字-六分五分四分_日文.md
bianque-mirror-053,bianque-mirror,53,530,十二律的長度如何計算？音分度 × 舍分度,十二律の長さはどう計算するのか――音分度 × 舍分度,/mirror_classic-_of_bian_que/53-十二律的長度如何計算-音分度乘舍分度/,/ja/mirror_classic-_of_bian_que/53-十二律的長度如何計算-音分度乘舍分度/,Mirror_Classic _of_Bian_Que/十二律的長度如何計算-音分度乘舍分度.md,Mirror_Classic _of_Bian_Que/十二律的長度如何計算-音分度乘舍分度_日文.md
bianque-mirror-054,bianque-mirror,54,540,三十七條經隧有多長？《鏡經》的人體幾何總圖,三十七条の経隧はどれほど長いのか――『鏡経』の人体幾何総図,/mirror_classic-_of_bian_que/54-三十七條經隧有多長-鏡經的人體幾何總圖/,/ja/mirror_classic-_of_bian_que/54-三十七條經隧有多長-鏡經的人體幾何總圖/,Mirror_Classic _of_Bian_Que/三十七條經隧有多長-鏡經的人體幾何總圖.md,Mirror_Classic _of_Bian_Que/三十七條經隧有多長-鏡經的人體幾何總圖_日文.md
bianque-mirror-055,bianque-mirror,55,550,少陰之人：為什麼四動也可以是正常？,少陰の人――なぜ一息四動でも正常なのか,/mirror_classic-_of_bian_que/55-少陰之人-為什麼四動也可以是正常/,/ja/mirror_classic-_of_bian_que/55-少陰之人-為什麼四動也可以是正常/,Mirror_Classic _of_Bian_Que/少陰之人-為什麼四動也可以是正常.md,Mirror_Classic _of_Bian_Que/少陰之人-為什麼四動也可以是正常_日文.md
bianque-mirror-056,bianque-mirror,56,560,太陰之人：三出一入與九分之脈,太陰の人――三出一入と九分の脈,/mirror_classic-_of_bian_que/56-太陰之人-三出一入與九分之脈/,/ja/mirror_classic-_of_bian_que/56-太陰之人-三出一入與九分之脈/,Mirror_Classic _of_Bian_Que/太陰之人-三出一入與九分之脈.md,Mirror_Classic _of_Bian_Que/太陰之人-三出一入與九分之脈_日文.md
bianque-mirror-057,bianque-mirror,57,570,厥陰之人：四出一入與三分之脈,厥陰の人――四出一入と三分の脈,/mirror_classic-_of_bian_que/57-厥陰之人-四出一入與三分之脈/,/ja/mirror_classic-_of_bian_que/57-厥陰之人-四出一入與三分之脈/,Mirror_Classic _of_Bian_Que/厥陰之人-四出一入與三分之脈.md,Mirror_Classic _of_Bian_Que/厥陰之人-四出一入與三分之脈_日文.md
bianque-mirror-058,bianque-mirror,58,580,少陽之人：再入一出與徐息,少陽の人――再入一出と徐息,/mirror_classic-_of_bian_que/58-少陽之人-再入一出與徐息/,/ja/mirror_classic-_of_bian_que/58-少陽之人-再入一出與徐息/,Mirror_Classic _of_Bian_Que/少陽之人-再入一出與徐息.md,Mirror_Classic _of_Bian_Que/少陽之人-再入一出與徐息_日文.md
bianque-mirror-059,bianque-mirror,59,590,陽明之人：三入一出與三分湧躍,陽明の人――三入一出と三分の湧躍,/mirror_classic-_of_bian_que/59-陽明之人-三入一出與三分湧躍/,/ja/mirror_classic-_of_bian_que/59-陽明之人-三入一出與三分湧躍/,Mirror_Classic _of_Bian_Que/陽明之人-三入一出與三分湧躍.md,Mirror_Classic _of_Bian_Que/陽明之人-三入一出與三分湧躍_日文.md
bianque-mirror-060,bianque-mirror,60,600,太陽之人：四入一出——《扁鵲鏡經》最後留下的個體化醫學,太陽の人――四入一出と『扁鵲鏡経』の個体化医学,/mirror_classic-_of_bian_que/60-太陽之人-四入一出與鏡經的個體化醫學/,/ja/mirror_classic-_of_bian_que/60-太陽之人-四入一出與鏡經的個體化醫學/,Mirror_Classic _of_Bian_Que/太陽之人-四入一出與鏡經的個體化醫學.md,Mirror_Classic _of_Bian_Que/太陽之人-四入一出與鏡經的個體化醫學_日文.md
jingfang-001,jingfang,1,10,經方之經的古天文幾何軌道本質,経方の「経」にみる古代天文幾何学的な軌道の本質,/jingfang_concept/01-經方之經的古天文幾何軌道本質/,/ja/jingfang_concept/01-經方之經的古天文幾何軌道本質/,jingfang_concept/經方之經的古天文幾何軌道本質.md,jingfang_concept/經方之經的古天文幾何軌道本質_日文.md
jingfang-002,jingfang,2,20,十六字食療之秘與物成味定原則,十六字の食養の秘訣と「物成れば味定まる」の原則,/jingfang_concept/02-十六字食療之秘與物成味定原則/,/ja/jingfang_concept/02-十六字食療之秘與物成味定原則/,jingfang_concept/十六字食療之秘與物成味定原則.md,jingfang_concept/十六字食療之秘與物成味定原則_日文.md
jingfang-003,jingfang,3,30,五味中土空間模型與五入親和性,五味の「中土」空間モデルと五入の親和性,/jingfang_concept/03-五味中土空間模型與五入親和性/,/ja/jingfang_concept/03-五味中土空間模型與五入親和性/,jingfang_concept/五味中土空間模型與五入親和性.md,jingfang_concept/五味中土空間模型與五入親和性_日文.md
jingfang-004,jingfang,4,40,天干配五行之時間雙向調控模型,天干と五行による時間の双方向制御モデル,/jingfang_concept/04-天干配五行之時間雙向調控模型/,/ja/jingfang_concept/04-天干配五行之時間雙向調控模型/,jingfang_concept/天干配五行之時間雙向調控模型.md,jingfang_concept/天干配五行之時間雙向調控模型_日文.md
jingfang-005,jingfang,5,50,空間模型之克位與扶位矩陣向量,空間モデルの「克位」と「扶位」――行列ベクトル化,/jingfang_concept/05-空間模型之克位與扶位矩陣向量/,/ja/jingfang_concept/05-空間模型之克位與扶位矩陣向量/,jingfang_concept/空間模型之克位與扶位矩陣向量.md,jingfang_concept/空間模型之克位與扶位矩陣向量_日文.md
jingfang-006,jingfang,6,60,藏氣法時論天干五行望相衰求死週期,『臓気法時論』の天干五行と旺・相・衰・囚・死の周期,/jingfang_concept/06-藏氣法時論天干五行望相衰求死週期/,/ja/jingfang_concept/06-藏氣法時論天干五行望相衰求死週期/,jingfang_concept/藏氣法時論天干五行望相衰求死週期.md,jingfang_concept/藏氣法時論天干五行望相衰求死週期_日文.md
jingfang-007,jingfang,7,70,五臟五欲與時間模型補瀉聖化規則,五臓の五欲と時間モデルの補瀉規則,/jingfang_concept/07-五臟五欲與時間模型補瀉聖化規則/,/ja/jingfang_concept/07-五臟五欲與時間模型補瀉聖化規則/,jingfang_concept/五臟五欲與時間模型補瀉聖化規則.md,jingfang_concept/五臟五欲與時間模型補瀉聖化規則_日文.md
jingfang-008,jingfang,8,80,緩急收散之五苦時間干預模型,緩・急・収・散と「五苦」の時間介入モデル,/jingfang_concept/08-緩急收散之五苦時間干預模型/,/ja/jingfang_concept/08-緩急收散之五苦時間干預模型/,jingfang_concept/緩急收散之五苦時間干預模型.md,jingfang_concept/緩急收散之五苦時間干預模型_日文.md
jingfang-009,jingfang,9,90,司天與在泉的摩天輪六氣輪轉機制,司天・在泉の「観覧車」六気輪転モデル,/jingfang_concept/09-司天與在泉的摩天輪六氣輪轉機制/,/ja/jingfang_concept/09-司天與在泉的摩天輪六氣輪轉機制/,jingfang_concept/司天與在泉的摩天輪六氣輪轉機制.md,jingfang_concept/司天與在泉的摩天輪六氣輪轉機制_日文.md
jingfang-011,jingfang,11,100,歲運司天輪值之土地物候味道偏向性,歳運・司天の輪番と土地物候・味の偏り,/jingfang_concept/11-歲運司天輪值之土地物候味道偏向性/,/ja/jingfang_concept/11-歲運司天輪值之土地物候味道偏向性/,jingfang_concept/歲運司天輪值之土地物候味道偏向性.md,jingfang_concept/歲運司天輪值之土地物候味道偏向性_日文.md
jingfang-012,jingfang,12,110,六氣 X 七大運動家族,六気 × 七つの運動ファミリー,/jingfang_concept/12-六氣x七大運動家族/,/ja/jingfang_concept/12-六氣x七大運動家族/,jingfang_concept/六氣X七大運動家族.md,jingfang_concept/六氣X七大運動家族_日文.md
jingfang-020,jingfang,20,120,五行位之主與三陰三陽主氣時間先後治法,五行の位の主と三陰三陽主気――「先に瀉し、後に補う」時間治法,/jingfang_concept/20-五行位之主與三陰三陽主氣時間先後治法/,/ja/jingfang_concept/20-五行位之主與三陰三陽主氣時間先後治法/,jingfang_concept/五行位之主與三陰三陽主氣時間先後治法.md,jingfang_concept/五行位之主與三陰三陽主氣時間先後治法_日文.md
jingfang-013,jingfang,13,130,司天六氣所勝的治味結構,司天六気が勝つときの治味構造,/jingfang_concept/13-司天六氣所勝的治味結構/,/ja/jingfang_concept/13-司天六氣所勝的治味結構/,jingfang_concept/司天六氣所勝的治味結構.md,jingfang_concept/司天六氣所勝的治味結構_日文.md
jingfang-014,jingfang,14,140,在泉六氣淫於內的治法結構,在泉六気が内に淫するときの治法構造,/jingfang_concept/14-在泉六氣淫於內的治法結構/,/ja/jingfang_concept/14-在泉六氣淫於內的治法結構/,jingfang_concept/在泉六氣淫於內的治法結構.md,jingfang_concept/在泉六氣淫於內的治法結構_日文.md
jingfang-015,jingfang,15,150,邪氣反勝於地的治法結構,邪気が地位で反勝するときの治法構造,/jingfang_concept/15-邪氣反勝於地的治法結構/,/ja/jingfang_concept/15-邪氣反勝於地的治法結構/,jingfang_concept/邪氣反勝於地的治法結構.md,jingfang_concept/邪氣反勝於地的治法結構_日文.md
jingfang-016,jingfang,16,160,司天邪勝的治法結構,司天で邪気が勝つときの治法構造,/jingfang_concept/16-司天邪勝的治法結構/,/ja/jingfang_concept/16-司天邪勝的治法結構/,jingfang_concept/司天邪勝的治法結構.md,jingfang_concept/司天邪勝的治法結構_日文.md
jingfang-017,jingfang,17,170,六氣之勝的治法結構,六気の「勝」における治法構造,/jingfang_concept/17-六氣之勝的治法結構/,/ja/jingfang_concept/17-六氣之勝的治法結構/,jingfang_concept/六氣之勝的治法結構.md,jingfang_concept/六氣之勝的治法結構_日文.md
jingfang-018,jingfang,18,180,六氣之復的治法結構,六気の「復」における治法構造,/jingfang_concept/18-六氣之復的治法結構/,/ja/jingfang_concept/18-六氣之復的治法結構/,jingfang_concept/六氣之復的治法結構.md,jingfang_concept/六氣之復的治法結構_日文.md
jingfang-019,jingfang,19,190,六氣之客的治法結構,六気の「客」における治法構造,/jingfang_concept/19-六氣之客的治法結構/,/ja/jingfang_concept/19-六氣之客的治法結構/,jingfang_concept/六氣之客的治法結構.md,jingfang_concept/六氣之客的治法結構_日文.md
jingfang-021,jingfang,21,200,客氣值日補瀉與辛酸化甘口訣源頭,客気当番の補瀉と「辛酸化甘」口訣の源流,/jingfang_concept/21-客氣值日補瀉與辛酸化甘口訣源頭/,/ja/jingfang_concept/21-客氣值日補瀉與辛酸化甘口訣源頭/,jingfang_concept/客氣值日補瀉與辛酸化甘口訣源頭.md,jingfang_concept/客氣值日補瀉與辛酸化甘口訣源頭_日文.md
jingfang-022,jingfang,22,210,《六元正紀大論》六十甲子食療生數成數模型導論與核心定義,『六元正紀大論』六十甲子食養――生数・成数モデルの導入と核心定義,/jingfang_concept/22-六元正紀大論六十甲子食療生數成數模型導論與核心定義/,/ja/jingfang_concept/22-六元正紀大論六十甲子食療生數成數模型導論與核心定義/,jingfang_concept/《六元正紀大論》六十甲子食療生數成數模型導論與核心定義.md,jingfang_concept/《六元正紀大論》六十甲子食療生數成數模型導論與核心定義_日文.md
jingfang-023,jingfang,23,220,天之氣與地之氣的時空模型選用總綱,天の気と地の気――時空モデル選択の総綱,/jingfang_concept/23-2天之氣與地之氣的時空模型選用總綱/,/ja/jingfang_concept/23-2天之氣與地之氣的時空模型選用總綱/,jingfang_concept/2天之氣與地之氣的時空模型選用總綱.md,jingfang_concept/2天之氣與地之氣的時空模型選用總綱_日文.md
materia-medica-001,materia-medica,1,10,本草漁網與正本清源,本草という「漁網」と根本への回帰,/drug_concept/01-本草漁網與正本清源/,/ja/drug_concept/01-本草漁網與正本清源/,drug_concept/本草漁網與正本清源.md,drug_concept/本草漁網與正本清源_日文.md
materia-medica-002,materia-medica,2,20,本草求真的三維符號化收斂,『本草求真』の三次元的記号化と収束,/drug_concept/02-本草求真的三維符號化收斂/,/ja/drug_concept/02-本草求真的三維符號化收斂/,drug_concept/本草求真的三維符號化收斂.md,drug_concept/本草求真的三維符號化收斂_日文.md
materia-medica-003,materia-medica,3,30,臟腑辨證興起與三陰三陽退隱,臓腑弁証の台頭と三陰三陽の後退,/drug_concept/03-臟腑辨證興起與三陰三陽退隱/,/ja/drug_concept/03-臟腑辨證興起與三陰三陽退隱/,drug_concept/臟腑辨證興起與三陰三陽退隱.md,drug_concept/臟腑辨證興起與三陰三陽退隱_日文.md
materia-medica-004,materia-medica,4,40,六淫痰積氣血與標本主次,六淫・痰積・気血と標本の優先順位,/drug_concept/04-六淫痰積氣血與標本主次/,/ja/drug_concept/04-六淫痰積氣血與標本主次/,drug_concept/六淫痰積氣血與標本主次.md,drug_concept/六淫痰積氣血與標本主次_日文.md
materia-medica-005,materia-medica,5,50,多標籤藥物與選方困境,多重タグ薬物と処方選択の困難,/drug_concept/05-多標籤藥物與選方困境/,/ja/drug_concept/05-多標籤藥物與選方困境/,drug_concept/多標籤藥物與選方困境.md,drug_concept/多標籤藥物與選方困境_日文.md
materia-medica-009,materia-medica,9,60,症狀專病辨證的捷徑與限制,症状・専病弁証という近道とその限界,/drug_concept/09-症狀專病辨證的捷徑與限制/,/ja/drug_concept/09-症狀專病辨證的捷徑與限制/,drug_concept/症狀專病辨證的捷徑與限制.md,drug_concept/症狀專病辨證的捷徑與限制_日文.md
materia-medica-012,materia-medica,12,70,神農本草經破解總綱,『神農本草経』を読み解く総綱,/drug_concept/12-神農本草經破解總綱/,/ja/drug_concept/12-神農本草經破解總綱/,drug_concept/神農本草經破解總綱.md,drug_concept/神農本草經破解總綱_日文.md
materia-medica-013,materia-medica,13,80,藥名之象與命名推理,薬名の象と命名からの推理,/drug_concept/13-藥名之象與命名推理/,/ja/drug_concept/13-藥名之象與命名推理/,drug_concept/藥名之象與命名推理.md,drug_concept/藥名之象與命名推理_日文.md
materia-medica-014,materia-medica,14,90,五氣五味與性味定位,五気五味と性味の定位,/drug_concept/14-五氣五味與性味定位/,/ja/drug_concept/14-五氣五味與性味定位/,drug_concept/五氣五味與性味定位.md,drug_concept/五氣五味與性味定位_日文.md
materia-medica-015,materia-medica,15,100,形體之體與以形治形,薬物の形体と「形をもって形を察する」,/drug_concept/15-形體之體與以形治形/,/ja/drug_concept/15-形體之體與以形治形/,drug_concept/形體之體與以形治形.md,drug_concept/形體之體與以形治形_日文.md
materia-medica-016,materia-medica,16,110,升降浮沉與春夏秋冬,昇降浮沈と春夏秋冬,/drug_concept/16-升降浮沉與春夏秋冬/,/ja/drug_concept/16-升降浮沉與春夏秋冬/,drug_concept/升降浮沉與春夏秋冬.md,drug_concept/升降浮沉與春夏秋冬_日文.md
materia-medica-017,materia-medica,17,120,清濁密度與起效速度,清濁・密度と作用発現の速度,/drug_concept/17-清濁密度與起效速度/,/ja/drug_concept/17-清濁密度與起效速度/,drug_concept/清濁密度與起效速度.md,drug_concept/清濁密度與起效速度_日文.md
materia-medica-018,materia-medica,18,130,採收時節與天地禀賦,採収時節と天地から受ける稟賦,/drug_concept/18-採收時節與天地禀賦/,/ja/drug_concept/18-採收時節與天地禀賦/,drug_concept/採收時節與天地禀賦.md,drug_concept/採收時節與天地禀賦_日文.md
materia-medica-019,materia-medica,19,140,徐靈胎因果箭頭解讀法,徐霊胎の因果矢印による読解法,/drug_concept/19-徐靈胎因果箭頭解讀法/,/ja/drug_concept/19-徐靈胎因果箭頭解讀法/,drug_concept/徐靈胎因果箭頭解讀法.md,drug_concept/徐靈胎因果箭頭解讀法_日文.md
materia-medica-021,materia-medica,21,150,內經病症規則庫與以經解經,『内経』病症規則庫と「経をもって経を解く」,/drug_concept/21-內經病症規則庫與以經解經/,/ja/drug_concept/21-內經病症規則庫與以經解經/,drug_concept/內經病症規則庫與以經解經.md,drug_concept/內經病症規則庫與以經解經_日文.md
materia-medica-006,materia-medica,6,160,AI輔助古籍因果提取法,AIによる古籍因果抽出の補助法,/drug_concept/06-ai輔助古籍因果提取法/,/ja/drug_concept/06-ai輔助古籍因果提取法/,drug_concept/AI輔助古籍因果提取法.md,drug_concept/AI輔助古籍因果提取法_日文.md
materia-medica-020,materia-medica,20,170,本草綱領的分類框架驗證,本草綱領の分類枠組みを検証する,/drug_concept/20-本草綱領的分類框架驗證/,/ja/drug_concept/20-本草綱領的分類框架驗證/,drug_concept/本草綱領的分類框架驗證.md,drug_concept/本草綱領的分類框架驗證_日文.md
materia-medica-022,materia-medica,22,180,張志聰本草崇原與禀賦提煉,張志聡『本草崇原』と稟賦の抽出,/drug_concept/22-張志聰本草崇原與禀賦提煉/,/ja/drug_concept/22-張志聰本草崇原與禀賦提煉/,drug_concept/張志聰本草崇原與禀賦提煉.md,drug_concept/張志聰本草崇原與禀賦提煉_日文.md
materia-medica-023,materia-medica,23,190,白朮補益脾土與標本分層,白朮の脾土補益と標本の階層,/drug_concept/23-白朮補益脾土與標本分層/,/ja/drug_concept/23-白朮補益脾土與標本分層/,drug_concept/白朮補益脾土與標本分層.md,drug_concept/白朮補益脾土與標本分層_日文.md
materia-medica-024,materia-medica,24,200,甘草五臟六腑與不偏之性,甘草と五臓六腑、偏りの少ない性質,/drug_concept/24-甘草五臟六腑與不偏之性/,/ja/drug_concept/24-甘草五臟六腑與不偏之性/,drug_concept/甘草五臟六腑與不偏之性.md,drug_concept/甘草五臟六腑與不偏之性_日文.md
materia-medica-025,materia-medica,25,210,桂枝枝形通道與上下氣交通,桂枝の「枝」という形と上下の気の交通,/drug_concept/25-桂枝枝形通道與上下氣交通/,/ja/drug_concept/25-桂枝枝形通道與上下氣交通/,drug_concept/桂枝枝形通道與上下氣交通.md,drug_concept/桂枝枝形通道與上下氣交通_日文.md
materia-medica-026,materia-medica,26,220,黃芩陽明太陰與清熱範圍,黄芩の陽明・太陰と清熱の範囲,/drug_concept/26-黃芩陽明太陰與清熱範圍/,/ja/drug_concept/26-黃芩陽明太陰與清熱範圍/,drug_concept/黃芩陽明太陰與清熱範圍.md,drug_concept/黃芩陽明太陰與清熱範圍_日文.md
materia-medica-027,materia-medica,27,230,附子細辛與少陰太陽標本,附子・細辛と少陰太陽の標本,/drug_concept/27-附子細辛與少陰太陽標本/,/ja/drug_concept/27-附子細辛與少陰太陽標本/,drug_concept/附子細辛與少陰太陽標本.md,drug_concept/附子細辛與少陰太陽標本_日文.md
materia-medica-028,materia-medica,28,240,葛根杜仲與形態經脈推演,葛根・杜仲と形態・経脈からの推演,/drug_concept/28-葛根杜仲與形態經脈推演/,/ja/drug_concept/28-葛根杜仲與形態經脈推演/,drug_concept/葛根杜仲與形態經脈推演.md,drug_concept/葛根杜仲與形態經脈推演_日文.md
materia-medica-029,materia-medica,29,250,神農本草三百六十味的時空分佈,神農本草三百六十味の時空分布,/drug_concept/29-神農本草三百六十味的時空分佈/,/ja/drug_concept/29-神農本草三百六十味的時空分佈/,drug_concept/神農本草三百六十味的時空分佈.md,drug_concept/神農本草三百六十味的時空分佈_日文.md
materia-medica-007,materia-medica,7,260,內經時空模型作為藥物總座標,『内経』時空モデルを薬物学の総座標にする,/drug_concept/07-內經時空模型作為藥物總座標/,/ja/drug_concept/07-內經時空模型作為藥物總座標/,drug_concept/內經時空模型作為藥物總座標.md,drug_concept/內經時空模型作為藥物總座標_日文.md
materia-medica-008,materia-medica,8,270,朱進忠臨床用藥三十三視角,朱進忠の臨床用薬三十三の視角,/drug_concept/08-朱進忠臨床用藥三十三視角/,/ja/drug_concept/08-朱進忠臨床用藥三十三視角/,drug_concept/朱進忠臨床用藥三十三視角.md,drug_concept/朱進忠臨床用藥三十三視角_日文.md
materia-medica-010,materia-medica,10,280,藥量辨證與經方劑量設計,薬量弁証と経方の用量設計,/drug_concept/10-藥量辨證與經方劑量設計/,/ja/drug_concept/10-藥量辨證與經方劑量設計/,drug_concept/藥量辨證與經方劑量設計.md,drug_concept/藥量辨證與經方劑量設計_日文.md
materia-medica-011,materia-medica,11,290,比例辨證與方中作用層位,比例弁証と処方内の作用層位,/drug_concept/11-比例辨證與方中作用層位/,/ja/drug_concept/11-比例辨證與方中作用層位/,drug_concept/比例辨證與方中作用層位.md,drug_concept/比例辨證與方中作用層位_日文.md
materia-medica-030,materia-medica,30,300,醫家取舍與經典自洽判準,医家の取捨と古典的自己整合性の基準,/drug_concept/30-醫家取舍與經典自洽判準/,/ja/drug_concept/30-醫家取舍與經典自洽判準/,drug_concept/醫家取舍與經典自洽判準.md,drug_concept/醫家取舍與經典自洽判準_日文.md
qihua-physiology-001,qihua-physiology,1,10,醫者明理與天人氣化總綱,医者の理法理解と天人の気化総綱,/qihua_physiology_concept/01-醫者明理與天人氣化總綱/,/ja/qihua_physiology_concept/01-醫者明理與天人氣化總綱/,qihua_physiology_concept/醫者明理與天人氣化總綱.md,qihua_physiology_concept/醫者明理與天人氣化總綱_日文.md
qihua-physiology-002,qihua-physiology,2,20,一氣陰陽清濁與中氣樞軸,一気・陰陽・清濁と中気の枢軸,/qihua_physiology_concept/02-一氣陰陽清濁與中氣樞軸/,/ja/qihua_physiology_concept/02-一氣陰陽清濁與中氣樞軸/,qihua_physiology_concept/一氣陰陽清濁與中氣樞軸.md,qihua_physiology_concept/一氣陰陽清濁與中氣樞軸_日文.md
qihua-physiology-003,qihua-physiology,3,30,四象五行與春夏秋冬節律,四象・五行と春夏秋冬のリズム,/qihua_physiology_concept/03-四象五行與春夏秋冬節律/,/ja/qihua_physiology_concept/03-四象五行與春夏秋冬節律/,qihua_physiology_concept/四象五行與春夏秋冬節律.md,qihua_physiology_concept/四象五行與春夏秋冬節律_日文.md
qihua-physiology-004,qihua-physiology,4,40,脾胃中土與人體五行生成,脾胃の中土と人体五行の生成,/qihua_physiology_concept/04-脾胃中土與人體五行生成/,/ja/qihua_physiology_concept/04-脾胃中土與人體五行生成/,qihua_physiology_concept/脾胃中土與人體五行生成.md,qihua_physiology_concept/脾胃中土與人體五行生成_日文.md
qihua-physiology-005,qihua-physiology,5,50,探源圖解與天地人氣化總圖,探源図解と天地人の気化総図,/qihua_physiology_concept/05-探源圖解與天地人氣化總圖/,/ja/qihua_physiology_concept/05-探源圖解與天地人氣化總圖/,qihua_physiology_concept/探源圖解與天地人氣化總圖.md,qihua_physiology_concept/探源圖解與天地人氣化總圖_日文.md
qihua-physiology-007,qihua-physiology,7,60,水火徵兆與上下左右道路,水火の徴候と上下左右の経路,/qihua_physiology_concept/07-水火徵兆與上下左右道路/,/ja/qihua_physiology_concept/07-水火徵兆與上下左右道路/,qihua_physiology_concept/水火徵兆與上下左右道路.md,qihua_physiology_concept/水火徵兆與上下左右道路_日文.md
qihua-physiology-008,qihua-physiology,8,70,生長收藏與五臟情志節律,生長化収蔵と五臓・情志のリズム,/qihua_physiology_concept/08-生長收藏與五臟情志節律/,/ja/qihua_physiology_concept/08-生長收藏與五臟情志節律/,qihua_physiology_concept/生長收藏與五臟情志節律.md,qihua_physiology_concept/生長收藏與五臟情志節律_日文.md
qihua-physiology-009,qihua-physiology,9,80,六氣主時與年度氣候分段,六気主時と年間気候の分節,/qihua_physiology_concept/09-六氣主時與年度氣候分段/,/ja/qihua_physiology_concept/09-六氣主時與年度氣候分段/,qihua_physiology_concept/六氣主時與年度氣候分段.md,qihua_physiology_concept/六氣主時與年度氣候分段_日文.md
qihua-physiology-010,qihua-physiology,10,90,司天在泉與上下半年氣候,司天・在泉と上半期・下半期の気候,/qihua_physiology_concept/10-司天在泉與上下半年氣候/,/ja/qihua_physiology_concept/10-司天在泉與上下半年氣候/,qihua_physiology_concept/司天在泉與上下半年氣候.md,qihua_physiology_concept/司天在泉與上下半年氣候_日文.md
qihua-physiology-011,qihua-physiology,11,100,天符歲會太乙天符與運氣疊加,天符・歳会・太乙天符と運気の重ね合わせ,/qihua_physiology_concept/11-天符歲會太乙天符與運氣疊加/,/ja/qihua_physiology_concept/11-天符歲會太乙天符與運氣疊加/,qihua_physiology_concept/天符歲會太乙天符與運氣疊加.md,qihua_physiology_concept/天符歲會太乙天符與運氣疊加_日文.md
qihua-physiology-012,qihua-physiology,12,110,人生之始與祖氣成形,人生の始まりと祖気の形成,/qihua_physiology_concept/12-人生之始與祖氣成形/,/ja/qihua_physiology_concept/12-人生之始與祖氣成形/,qihua_physiology_concept/人生之始與祖氣成形.md,qihua_physiology_concept/人生之始與祖氣成形_日文.md
qihua-physiology-013,qihua-physiology,13,120,五臟六腑功能網路總論,五臓六腑の機能ネットワーク総論,/qihua_physiology_concept/13-五臟六腑功能網路總論/,/ja/qihua_physiology_concept/13-五臟六腑功能網路總論/,qihua_physiology_concept/五臟六腑功能網路總論.md,qihua_physiology_concept/五臟六腑功能網路總論_日文.md
qihua-physiology-016,qihua-physiology,16,130,脾胃中央運化與太倉輸布,脾胃中央の運化と太倉の輸布,/qihua_physiology_concept/16-脾胃中央運化與太倉輸布/,/ja/qihua_physiology_concept/16-脾胃中央運化與太倉輸布/,qihua_physiology_concept/脾胃中央運化與太倉輸布.md,qihua_physiology_concept/脾胃中央運化與太倉輸布_日文.md
qihua-physiology-015,qihua-physiology,15,140,肝膽風木謀慮與中正決斷,肝胆の風木・謀慮と中正の決断,/qihua_physiology_concept/15-肝膽風木謀慮與中正決斷/,/ja/qihua_physiology_concept/15-肝膽風木謀慮與中正決斷/,qihua_physiology_concept/肝膽風木謀慮與中正決斷.md,qihua_physiology_concept/肝膽風木謀慮與中正決斷_日文.md
qihua-physiology-014,qihua-physiology,14,150,心與小腸君火神明與化物生血,心・小腸の君火、神明と化物生血,/qihua_physiology_concept/14-心與小腸君火神明與化物生血/,/ja/qihua_physiology_concept/14-心與小腸君火神明與化物生血/,qihua_physiology_concept/心與小腸君火神明與化物生血.md,qihua_physiology_concept/心與小腸君火神明與化物生血_日文.md
qihua-physiology-017,qihua-physiology,17,160,肺大腸制節宣降與傳導,肺・大腸の制節、宣降と伝導,/qihua_physiology_concept/17-肺大腸制節宣降與傳導/,/ja/qihua_physiology_concept/17-肺大腸制節宣降與傳導/,qihua_physiology_concept/肺大腸制節宣降與傳導.md,qihua_physiology_concept/肺大腸制節宣降與傳導_日文.md
qihua-physiology-018,qihua-physiology,18,170,腎膀胱水藏津液與氣化出入,腎・膀胱の水蔵、津液と気化出入,/qihua_physiology_concept/18-腎膀胱水藏津液與氣化出入/,/ja/qihua_physiology_concept/18-腎膀胱水藏津液與氣化出入/,qihua_physiology_concept/腎膀胱水藏津液與氣化出入.md,qihua_physiology_concept/腎膀胱水藏津液與氣化出入_日文.md
qihua-physiology-019,qihua-physiology,19,180,心包三焦相火臣使與水道膜網,心包・三焦の相火、臣使と水道膜網,/qihua_physiology_concept/19-心包三焦相火臣使與水道膜網/,/ja/qihua_physiology_concept/19-心包三焦相火臣使與水道膜網/,qihua_physiology_concept/心包三焦相火臣使與水道膜網.md,qihua_physiology_concept/心包三焦相火臣使與水道膜網_日文.md
qihua-physiology-020,qihua-physiology,20,190,臟腑部位形象與內外連網,臓腑の部位形象と内外ネットワーク,/qihua_physiology_concept/20-臟腑部位形象與內外連網/,/ja/qihua_physiology_concept/20-臟腑部位形象與內外連網/,qihua_physiology_concept/臟腑部位形象與內外連網.md,qihua_physiology_concept/臟腑部位形象與內外連網_日文.md
qihua-physiology-021,qihua-physiology,21,200,十二經相交與如環無端,十二経の交接と環のごとき循環,/qihua_physiology_concept/21-十二經相交與如環無端/,/ja/qihua_physiology_concept/21-十二經相交與如環無端/,qihua_physiology_concept/十二經相交與如環無端.md,qihua_physiology_concept/十二經相交與如環無端_日文.md
qihua-physiology-022,qihua-physiology,22,210,衝任督帶與先後天交會,衝任督帯と先天・後天の交会,/qihua_physiology_concept/22-衝任督帶與先後天交會/,/ja/qihua_physiology_concept/22-衝任督帶與先後天交會/,qihua_physiology_concept/衝任督帶與先後天交會.md,qihua_physiology_concept/衝任督帶與先後天交會_日文.md
qihua-physiology-023,qihua-physiology,23,220,六經解與十二經由六氣統攝,六経解と十二経を統べる六気,/qihua_physiology_concept/23-六經解與十二經由六氣統攝/,/ja/qihua_physiology_concept/23-六經解與十二經由六氣統攝/,qihua_physiology_concept/六經解與十二經由六氣統攝.md,qihua_physiology_concept/六經解與十二經由六氣統攝_日文.md
qihua-physiology-029,qihua-physiology,29,230,六經開闔樞與審證大關鍵,六経の開闔枢と審証の要点,/qihua_physiology_concept/29-六經開闔樞與審證大關鍵/,/ja/qihua_physiology_concept/29-六經開闔樞與審證大關鍵/,qihua_physiology_concept/六經開闔樞與審證大關鍵.md,qihua_physiology_concept/六經開闔樞與審證大關鍵_日文.md
qihua-physiology-024,qihua-physiology,24,240,六氣解與主令化氣盛衰,六気解と主令・化気・盛衰,/qihua_physiology_concept/24-六氣解與主令化氣盛衰/,/ja/qihua_physiology_concept/24-六氣解與主令化氣盛衰/,qihua_physiology_concept/六氣解與主令化氣盛衰.md,qihua_physiology_concept/六氣解與主令化氣盛衰_日文.md
qihua-physiology-025,qihua-physiology,25,250,營氣運行與脈中日夜五十周,営気の運行と脈中の日夜五十周,/qihua_physiology_concept/25-營氣運行與脈中日夜五十周/,/ja/qihua_physiology_concept/25-營氣運行與脈中日夜五十周/,qihua_physiology_concept/營氣運行與脈中日夜五十周.md,qihua_physiology_concept/營氣運行與脈中日夜五十周_日文.md
qihua-physiology-026,qihua-physiology,26,260,衛氣出入與寤寐防衛節律,衛気の出入と覚醒・睡眠・防衛リズム,/qihua_physiology_concept/26-衛氣出入與寤寐防衛節律/,/ja/qihua_physiology_concept/26-衛氣出入與寤寐防衛節律/,qihua_physiology_concept/衛氣出入與寤寐防衛節律.md,qihua_physiology_concept/衛氣出入與寤寐防衛節律_日文.md
qihua-physiology-027,qihua-physiology,27,270,男女天癸與生命長周期,男女の天癸と生命の長周期,/qihua_physiology_concept/27-男女天癸與生命長周期/,/ja/qihua_physiology_concept/27-男女天癸與生命長周期/,qihua_physiology_concept/男女天癸與生命長周期.md,qihua_physiology_concept/男女天癸與生命長周期_日文.md
qihua-physiology-028,qihua-physiology,28,280,血氣精神與養生協調總論,血・気・精・神と養生協調の総論,/qihua_physiology_concept/28-血氣精神與養生協調總論/,/ja/qihua_physiology_concept/28-血氣精神與養生協調總論/,qihua_physiology_concept/血氣精神與養生協調總論.md,qihua_physiology_concept/血氣精神與養生協調總論_日文.md
qihua-physiology-006,qihua-physiology,6,290,陰陽變化與治病求本,陰陽変化と治病求本,/qihua_physiology_concept/06-陰陽變化與治病求本/,/ja/qihua_physiology_concept/06-陰陽變化與治病求本/,qihua_physiology_concept/陰陽變化與治病求本.md,qihua_physiology_concept/陰陽變化與治病求本_日文.md
qihua-physiology-030,qihua-physiology,30,300,本標中氣與外感病機整合,本標中気と外感病機の統合,/qihua_physiology_concept/30-本標中氣與外感病機整合/,/ja/qihua_physiology_concept/30-本標中氣與外感病機整合/,qihua_physiology_concept/本標中氣與外感病機整合.md,qihua_physiology_concept/本標中氣與外感病機整合_日文.md
spacetime-001,spacetime,1,10,第一性原理的經典萃取,第一原理による古典知の抽出,/concept/01-第一性原理的經典萃取/,/ja/concept/01-第一性原理的經典萃取/,concept/第一性原理的經典萃取.md,concept/第一性原理的經典萃取_日文.md
spacetime-002,spacetime,2,20,以簡馭繁的模型化原則,複雑さを単純なモデルで統御する原則,/concept/02-以簡馭繁的模型化原則/,/ja/concept/02-以簡馭繁的模型化原則/,concept/以簡馭繁的模型化原則.md,concept/以簡馭繁的模型化原則_日文.md
spacetime-006,spacetime,6,30,奧卡姆剃刀法則的有效性,オッカムの剃刀原則の有効性,/concept/06-奧卡姆剃刀法則的有效性/,/ja/concept/06-奧卡姆剃刀法則的有效性/,concept/奧卡姆剃刀法則的有效性.md,concept/奧卡姆剃刀法則的有效性_日文.md
spacetime-009,spacetime,9,40,以外揣內與不可見本質的驗證,外から内を推し量ることと不可視の本質の検証,/concept/09-以外揣內與不可見本質的驗證/,/ja/concept/09-以外揣內與不可見本質的驗證/,concept/以外揣內與不可見本質的驗證.md,concept/以外揣內與不可見本質的驗證_日文.md
spacetime-010,spacetime,10,50,正確歷法的時間刻度規律,正しい暦と時間目盛りの規律,/concept/10-正確歷法的時間刻度規律/,/ja/concept/10-正確歷法的時間刻度規律/,concept/正確歷法的時間刻度規律.md,concept/正確歷法的時間刻度規律_日文.md
spacetime-003,spacetime,3,60,符號化能量共振原則,記号化されたエネルギー共振の原則,/concept/03-符號化能量共振原則/,/ja/concept/03-符號化能量共振原則/,concept/符號化能量共振原則.md,concept/符號化能量共振原則_日文.md
spacetime-004,spacetime,4,70,時間全息規律的世界映射,時間的ホログラフィーの世界写像,/concept/04-全息規律的世界映射/,/ja/concept/04-全息規律的世界映射/,concept/全息規律的世界映射.md,concept/全息規律的世界映射_日文.md
spacetime-005,spacetime,5,80,空間全息映射規律,空間的ホログラフィー写像の規律,/concept/05-空間全息映射規律/,/ja/concept/05-空間全息映射規律/,concept/空間全息映射規律.md,concept/空間全息映射規律_日文.md
spacetime-008,spacetime,8,90,常變原則的擬合規律,恒常と変動を組み合わせるフィッティング原則,/concept/08-常變原則的擬合規律/,/ja/concept/08-常變原則的擬合規律/,concept/常變原則的擬合規律.md,concept/常變原則的擬合規律_日文.md
spacetime-007,spacetime,7,100,跨尺度技術搭配原則,尺度横断的モデル連携の原則,/concept/07-跨尺度技術搭配原則/,/ja/concept/07-跨尺度技術搭配原則/,concept/跨尺度技術搭配原則.md,concept/跨尺度技術搭配原則_日文.md
spacetime-011,spacetime,11,110,年尺度陰陽時間模型,年尺度の陰陽時間モデル,/concept/11-年尺度陰陽時間模型/,/ja/concept/11-年尺度陰陽時間模型/,concept/年尺度陰陽時間模型.md,concept/年尺度陰陽時間模型_日文.md
spacetime-012,spacetime,12,120,日尺度陰陽時間模型,日尺度の陰陽時間モデル,/concept/12-日尺度陰陽時間模型/,/ja/concept/12-日尺度陰陽時間模型/,concept/日尺度陰陽時間模型.md,concept/日尺度陰陽時間模型_日文.md
spacetime-013,spacetime,13,130,人體陰陽空間幾何對稱模型,人体の陰陽空間幾何対称モデル,/concept/13-人體陰陽空間幾何對稱模型/,/ja/concept/13-人體陰陽空間幾何對稱模型/,concept/人體陰陽空間幾何對稱模型.md,concept/人體陰陽空間幾何對稱模型_日文.md
spacetime-014,spacetime,14,140,天地的陰陽空間模型,天地の陰陽空間モデル,/concept/14-天地的陰陽空間模型/,/ja/concept/14-天地的陰陽空間模型/,concept/天地的陰陽空間模型.md,concept/天地的陰陽空間模型_日文.md
spacetime-015,spacetime,15,150,四象時間模型（陰陽互含規律）,四象時間モデル（陰陽相互包含の規律）,/concept/15-四象時間模型陰陽互含規律/,/ja/concept/15-四象時間模型陰陽互含規律/,concept/四象時間模型（陰陽互含規律）.md,concept/四象時間模型（陰陽互含規律）_日文.md
spacetime-016,spacetime,16,160,月相四象變化模型,月相における四象変化モデル,/concept/16-月相四象變化模型/,/ja/concept/16-月相四象變化模型/,concept/月相四象變化模型.md,concept/月相四象變化模型_日文.md
spacetime-017,spacetime,17,170,五行相生年尺度模型,五行相生の年尺度モデル,/concept/17-五行相生年尺度模型/,/ja/concept/17-五行相生年尺度模型/,concept/五行相生年尺度模型.md,concept/五行相生年尺度模型_日文.md
spacetime-018,spacetime,18,180,天干十日五行時間週期模型,天干十日五行時間周期モデル,/concept/18-天干十日五行時間週期模型/,/ja/concept/18-天干十日五行時間週期模型/,concept/天干十日五行時間週期模型.md,concept/天干十日五行時間週期模型_日文.md
spacetime-019,spacetime,19,190,五行中土空間模型,五行・中央土の空間モデル,/concept/19-五行中土空間模型/,/ja/concept/19-五行中土空間模型/,concept/五行中土空間模型.md,concept/五行中土空間模型_日文.md
spacetime-020,spacetime,20,200,五行相剋洛書一筆畫模型,五行相剋と洛書の一筆描きモデル,/concept/20-五行相剋洛書一筆畫模型/,/ja/concept/20-五行相剋洛書一筆畫模型/,concept/五行相剋洛書一筆畫模型.md,concept/五行相剋洛書一筆畫模型_日文.md
spacetime-021,spacetime,21,210,五行互含模型（體質與藥精細分）,五行相互包含モデル（体質と薬精の細分化）,/concept/21-五行互涵模型體質與藥精細分/,/ja/concept/21-五行互涵模型體質與藥精細分/,concept/五行互涵模型（體質與藥精細分）.md,concept/五行互涵模型（體質與藥精細分）_日文.md
spacetime-023,spacetime,23,220,三陰三陽年尺度主氣模型,三陰三陽・年尺度の主気モデル,/concept/23-三陰三陽年尺度主氣模型/,/ja/concept/23-三陰三陽年尺度主氣模型/,concept/三陰三陽年尺度主氣模型.md,concept/三陰三陽年尺度主氣模型_日文.md
spacetime-027,spacetime,27,230,二十四節氣拆分模型,二十四節気の分割モデル,/concept/27-二十四節氣拆分模型/,/ja/concept/27-二十四節氣拆分模型/,concept/二十四節氣拆分模型.md,concept/二十四節氣拆分模型_日文.md
spacetime-022,spacetime,22,240,三陰三陽時間尺度變化模型,三陰三陽・年尺度の客気変化モデル,/concept/22-三陰三陽年尺度客氣變化模型/,/ja/concept/22-三陰三陽年尺度客氣變化模型/,concept/三陰三陽年尺度客氣變化模型.md,concept/三陰三陽年尺度客氣變化模型_日文.md
spacetime-024,spacetime,24,250,三陰三陽地支十二日時間模型,三陰三陽・地支十二日時間モデル,/concept/24-三陰三陽地支十二日時間模型/,/ja/concept/24-三陰三陽地支十二日時間模型/,concept/三陰三陽地支十二日時間模型.md,concept/三陰三陽地支十二日時間模型_日文.md
spacetime-025,spacetime,25,260,三陰三陽日尺度預解時模型,三陰三陽・日尺度の欲解時モデル,/concept/25-三陰三陽日尺度預解時模型/,/ja/concept/25-三陰三陽日尺度預解時模型/,concept/三陰三陽日尺度預解時模型.md,concept/三陰三陽日尺度預解時模型_日文.md
spacetime-026,spacetime,26,270,三陰三陽人體空間分佈模型（陰陽離合規律）,三陰三陽の人体空間分布モデル（陰陽離合の規律）,/concept/26-三陰三陽人體空間分佈模型陰陽離合規律/,/ja/concept/26-三陰三陽人體空間分佈模型陰陽離合規律/,concept/三陰三陽人體空間分佈模型（陰陽離合規律）.md,concept/三陰三陽人體空間分佈模型（陰陽離合規律）_日文.md
spacetime-029,spacetime,29,280,九宮八風空間與診法模型,九宮八風の空間・診法モデル,/concept/29-九宮八風空間與診法模型/,/ja/concept/29-九宮八風空間與診法模型/,concept/九宮八風空間與診法模型.md,concept/九宮八風空間與診法模型_日文.md
spacetime-028,spacetime,28,290,五六相合時空整合模型,五と六の結合による時空統合モデル,/concept/28-五六相合時空整合模型/,/ja/concept/28-五六相合時空整合模型/,concept/五六相合時空整合模型.md,concept/五六相合時空整合模型_日文.md
spacetime-030,spacetime,30,300,能量運動的疊加與干預原則,エネルギー運動の重ね合わせと干渉の原則,/concept/30-能量運動的疊加與干預原則/,/ja/concept/30-能量運動的疊加與干預原則/,concept/能量運動的疊加與干預原則.md,concept/能量運動的疊加與干預原則_日文.md
