TranslationKey,DomainKey,DisplayOrder,DisplayTitleZh,DisplayTitleEn,LegacyZhFile,CleanZhFile,LegacyEnFile,CleanEnFile,ChineseURL,EnglishURL
spacetime-001,spacetime,01,01 第一性原理的經典萃取,01 Extracting First Principles from the Classics,src/content/docs/concept/01-第一性原理的經典萃取.md,src/content/docs/concept/第一性原理的經典萃取.md,src/content/docs/en/concept/01-第一性原理的經典萃取_英文.md,src/content/docs/en/concept/第一性原理的經典萃取_英文.md,/concept/01-第一性原理的經典萃取/,/en/concept/01-第一性原理的經典萃取/
spacetime-002,spacetime,02,02 以簡馭繁的模型化原則,02 The Modeling Principle of Governing Complexity with Simplicity,src/content/docs/concept/02-以簡馭繁的模型化原則.md,src/content/docs/concept/以簡馭繁的模型化原則.md,src/content/docs/en/concept/02-以簡馭繁的模型化原則_英文.md,src/content/docs/en/concept/以簡馭繁的模型化原則_英文.md,/concept/02-以簡馭繁的模型化原則/,/en/concept/02-以簡馭繁的模型化原則/
spacetime-006,spacetime,03,03 奧卡姆剃刀法則的有效性,03 The Validity of Occam's Razor,src/content/docs/concept/06-奧卡姆剃刀法則的有效性.md,src/content/docs/concept/奧卡姆剃刀法則的有效性.md,src/content/docs/en/concept/06-奧卡姆剃刀法則的有效性_英文.md,src/content/docs/en/concept/奧卡姆剃刀法則的有效性_英文.md,/concept/06-奧卡姆剃刀法則的有效性/,/en/concept/06-奧卡姆剃刀法則的有效性/
spacetime-009,spacetime,04,04 以外揣內與不可見本質的驗證,04 Inferring the Interior from the Exterior and Testing the Invisible,src/content/docs/concept/09-以外揣內與不可見本質的驗證.md,src/content/docs/concept/以外揣內與不可見本質的驗證.md,src/content/docs/en/concept/09-以外揣內與不可見本質的驗證_英文.md,src/content/docs/en/concept/以外揣內與不可見本質的驗證_英文.md,/concept/09-以外揣內與不可見本質的驗證/,/en/concept/09-以外揣內與不可見本質的驗證/
spacetime-010,spacetime,05,05 正確歷法的時間刻度規律,05 Correct Calendars and the Law of Temporal Scales,src/content/docs/concept/10-正確歷法的時間刻度規律.md,src/content/docs/concept/正確歷法的時間刻度規律.md,src/content/docs/en/concept/10-正確歷法的時間刻度規律_英文.md,src/content/docs/en/concept/正確歷法的時間刻度規律_英文.md,/concept/10-正確歷法的時間刻度規律/,/en/concept/10-正確歷法的時間刻度規律/
spacetime-003,spacetime,06,06 符號化能量共振原則,06 The Principle of Symbolic Energy Resonance,src/content/docs/concept/03-符號化能量共振原則.md,src/content/docs/concept/符號化能量共振原則.md,src/content/docs/en/concept/03-符號化能量共振原則_英文.md,src/content/docs/en/concept/符號化能量共振原則_英文.md,/concept/03-符號化能量共振原則/,/en/concept/03-符號化能量共振原則/
spacetime-004,spacetime,07,07 時間全息規律的世界映射,07 Temporal Holography and the Mapping of the World,src/content/docs/concept/04-全息規律的世界映射.md,src/content/docs/concept/全息規律的世界映射.md,src/content/docs/en/concept/04-全息規律的世界映射_英文.md,src/content/docs/en/concept/全息規律的世界映射_英文.md,/concept/04-全息規律的世界映射/,/en/concept/04-全息規律的世界映射/
spacetime-005,spacetime,08,08 空間全息映射規律,08 The Law of Spatial Holographic Mapping,src/content/docs/concept/05-空間全息映射規律.md,src/content/docs/concept/空間全息映射規律.md,src/content/docs/en/concept/05-空間全息映射規律_英文.md,src/content/docs/en/concept/空間全息映射規律_英文.md,/concept/05-空間全息映射規律/,/en/concept/05-空間全息映射規律/
spacetime-008,spacetime,09,09 常變原則的擬合規律,09 Fitting the Principle of Constancy and Change,src/content/docs/concept/08-常變原則的擬合規律.md,src/content/docs/concept/常變原則的擬合規律.md,src/content/docs/en/concept/08-常變原則的擬合規律_英文.md,src/content/docs/en/concept/常變原則的擬合規律_英文.md,/concept/08-常變原則的擬合規律/,/en/concept/08-常變原則的擬合規律/
spacetime-007,spacetime,10,10 跨尺度技術搭配原則,10 The Principle of Cross-Scale Model Integration,src/content/docs/concept/07-跨尺度技術搭配原則.md,src/content/docs/concept/跨尺度技術搭配原則.md,src/content/docs/en/concept/07-跨尺度技術搭配原則_英文.md,src/content/docs/en/concept/跨尺度技術搭配原則_英文.md,/concept/07-跨尺度技術搭配原則/,/en/concept/07-跨尺度技術搭配原則/
spacetime-011,spacetime,11,11 年尺度陰陽時間模型,11 Annual Yin-Yang Time Model,src/content/docs/concept/11-年尺度陰陽時間模型.md,src/content/docs/concept/年尺度陰陽時間模型.md,src/content/docs/en/concept/11-年尺度陰陽時間模型_英文.md,src/content/docs/en/concept/年尺度陰陽時間模型_英文.md,/concept/11-年尺度陰陽時間模型/,/en/concept/11-年尺度陰陽時間模型/
spacetime-012,spacetime,12,12 日尺度陰陽時間模型,12 Daily Yin-Yang Time Model,src/content/docs/concept/12-日尺度陰陽時間模型.md,src/content/docs/concept/日尺度陰陽時間模型.md,src/content/docs/en/concept/12-日尺度陰陽時間模型_英文.md,src/content/docs/en/concept/日尺度陰陽時間模型_英文.md,/concept/12-日尺度陰陽時間模型/,/en/concept/12-日尺度陰陽時間模型/
spacetime-013,spacetime,13,13 人體陰陽空間幾何對稱模型,13 Human Yin-Yang Spatial Geometric Symmetry Model,src/content/docs/concept/13-人體陰陽空間幾何對稱模型.md,src/content/docs/concept/人體陰陽空間幾何對稱模型.md,src/content/docs/en/concept/13-人體陰陽空間幾何對稱模型_英文.md,src/content/docs/en/concept/人體陰陽空間幾何對稱模型_英文.md,/concept/13-人體陰陽空間幾何對稱模型/,/en/concept/13-人體陰陽空間幾何對稱模型/
spacetime-014,spacetime,14,14 天地的陰陽空間模型,14 Heaven-Earth Yin-Yang Spatial Model,src/content/docs/concept/14-天地的陰陽空間模型.md,src/content/docs/concept/天地的陰陽空間模型.md,src/content/docs/en/concept/14-天地的陰陽空間模型_英文.md,src/content/docs/en/concept/天地的陰陽空間模型_英文.md,/concept/14-天地的陰陽空間模型/,/en/concept/14-天地的陰陽空間模型/
spacetime-015,spacetime,15,15 四象時間模型（陰陽互含規律）,15 Four Images Time Model: The Law of Mutual Inclusion of Yin and Yang,src/content/docs/concept/15-四象時間模型（陰陽互含規律）.md,src/content/docs/concept/四象時間模型（陰陽互含規律）.md,src/content/docs/en/concept/15-四象時間模型（陰陽互含規律）_英文.md,src/content/docs/en/concept/四象時間模型（陰陽互含規律）_英文.md,/concept/15-四象時間模型陰陽互含規律/,/en/concept/15-四象時間模型陰陽互含規律/
spacetime-016,spacetime,16,16 月相四象變化模型,16 Four Images Model of Lunar Phases,src/content/docs/concept/16-月相四象變化模型.md,src/content/docs/concept/月相四象變化模型.md,src/content/docs/en/concept/16-月相四象變化模型_英文.md,src/content/docs/en/concept/月相四象變化模型_英文.md,/concept/16-月相四象變化模型/,/en/concept/16-月相四象變化模型/
spacetime-017,spacetime,17,17 五行相生年尺度模型,17 Annual Five-Phase Generating Cycle Model,src/content/docs/concept/17-五行相生年尺度模型.md,src/content/docs/concept/五行相生年尺度模型.md,src/content/docs/en/concept/17-五行相生年尺度模型_英文.md,src/content/docs/en/concept/五行相生年尺度模型_英文.md,/concept/17-五行相生年尺度模型/,/en/concept/17-五行相生年尺度模型/
spacetime-018,spacetime,18,18 天干十日五行時間週期模型,18 Ten-Day Five-Phase Cycle of the Heavenly Stems,src/content/docs/concept/18-天干十日五行時間週期模型.md,src/content/docs/concept/天干十日五行時間週期模型.md,src/content/docs/en/concept/18-天干十日五行時間週期模型_英文.md,src/content/docs/en/concept/天干十日五行時間週期模型_英文.md,/concept/18-天干十日五行時間週期模型/,/en/concept/18-天干十日五行時間週期模型/
spacetime-019,spacetime,19,19 五行中土空間模型,19 Five-Phase Spatial Model with Earth at the Center,src/content/docs/concept/19-五行中土空間模型.md,src/content/docs/concept/五行中土空間模型.md,src/content/docs/en/concept/19-五行中土空間模型_英文.md,src/content/docs/en/concept/五行中土空間模型_英文.md,/concept/19-五行中土空間模型/,/en/concept/19-五行中土空間模型/
spacetime-020,spacetime,20,20 五行相剋洛書一筆畫模型,20 Luoshu Single-Stroke Model of Five-Phase Restraint,src/content/docs/concept/20-五行相剋洛書一筆畫模型.md,src/content/docs/concept/五行相剋洛書一筆畫模型.md,src/content/docs/en/concept/20-五行相剋洛書一筆畫模型_英文.md,src/content/docs/en/concept/五行相剋洛書一筆畫模型_英文.md,/concept/20-五行相剋洛書一筆畫模型/,/en/concept/20-五行相剋洛書一筆畫模型/
spacetime-021,spacetime,21,21 五行互含模型（體質與藥精細分）,21 Five-Phase Mutual-Inclusion Model: Refining Constitution and Medicinal Essence,src/content/docs/concept/21-五行互涵模型（體質與藥精細分）.md,src/content/docs/concept/五行互涵模型（體質與藥精細分）.md,src/content/docs/en/concept/21-五行互涵模型（體質與藥精細分）_英文.md,src/content/docs/en/concept/五行互涵模型（體質與藥精細分）_英文.md,/concept/21-五行互涵模型體質與藥精細分/,/en/concept/21-五行互涵模型體質與藥精細分/
spacetime-023,spacetime,22,22 三陰三陽年尺度主氣模型,22 Annual Host-Qi Model of the Three Yin and Three Yang,src/content/docs/concept/23-三陰三陽年尺度主氣模型.md,src/content/docs/concept/三陰三陽年尺度主氣模型.md,src/content/docs/en/concept/23-三陰三陽年尺度主氣模型_英文.md,src/content/docs/en/concept/三陰三陽年尺度主氣模型_英文.md,/concept/23-三陰三陽年尺度主氣模型/,/en/concept/23-三陰三陽年尺度主氣模型/
spacetime-027,spacetime,23,23 二十四節氣拆分模型,23 Partitioning Model of the Twenty-Four Solar Terms,src/content/docs/concept/27-二十四節氣拆分模型.md,src/content/docs/concept/二十四節氣拆分模型.md,src/content/docs/en/concept/27-二十四節氣拆分模型_英文.md,src/content/docs/en/concept/二十四節氣拆分模型_英文.md,/concept/27-二十四節氣拆分模型/,/en/concept/27-二十四節氣拆分模型/
spacetime-022,spacetime,24,24 三陰三陽時間尺度變化模型,24 Three Yin and Three Yang Guest-Qi Model Across Time Scales,src/content/docs/concept/22-三陰三陽年尺度客氣變化模型.md,src/content/docs/concept/三陰三陽年尺度客氣變化模型.md,src/content/docs/en/concept/22-三陰三陽年尺度客氣變化模型_英文.md,src/content/docs/en/concept/三陰三陽年尺度客氣變化模型_英文.md,/concept/22-三陰三陽年尺度客氣變化模型/,/en/concept/22-三陰三陽年尺度客氣變化模型/
spacetime-024,spacetime,25,25 三陰三陽地支十二日時間模型,25 Twelve-Day Earthly-Branch Model of the Three Yin and Three Yang,src/content/docs/concept/24-三陰三陽地支十二日時間模型.md,src/content/docs/concept/三陰三陽地支十二日時間模型.md,src/content/docs/en/concept/24-三陰三陽地支十二日時間模型_英文.md,src/content/docs/en/concept/三陰三陽地支十二日時間模型_英文.md,/concept/24-三陰三陽地支十二日時間模型/,/en/concept/24-三陰三陽地支十二日時間模型/
spacetime-025,spacetime,26,26 三陰三陽日尺度預解時模型,26 Daily Desired-Relief-Time Model of the Three Yin and Three Yang,src/content/docs/concept/25-三陰三陽日尺度預解時模型.md,src/content/docs/concept/三陰三陽日尺度預解時模型.md,src/content/docs/en/concept/25-三陰三陽日尺度預解時模型_英文.md,src/content/docs/en/concept/三陰三陽日尺度預解時模型_英文.md,/concept/25-三陰三陽日尺度預解時模型/,/en/concept/25-三陰三陽日尺度預解時模型/
spacetime-026,spacetime,27,27 三陰三陽人體空間分佈模型（陰陽離合規律）,"27 Human Spatial Distribution of the Three Yin and Three Yang: The Law of Opening, Closing, and Pivoting",src/content/docs/concept/26-三陰三陽人體空間分佈模型（陰陽離合規律）.md,src/content/docs/concept/三陰三陽人體空間分佈模型（陰陽離合規律）.md,src/content/docs/en/concept/26-三陰三陽人體空間分佈模型（陰陽離合規律）_英文.md,src/content/docs/en/concept/三陰三陽人體空間分佈模型（陰陽離合規律）_英文.md,/concept/26-三陰三陽人體空間分佈模型陰陽離合規律/,/en/concept/26-三陰三陽人體空間分佈模型陰陽離合規律/
spacetime-029,spacetime,28,28 九宮八風空間與診法模型,28 Nine Palaces and Eight Winds: Spatial and Diagnostic Model,src/content/docs/concept/29-九宮八風空間與診法模型.md,src/content/docs/concept/九宮八風空間與診法模型.md,src/content/docs/en/concept/29-九宮八風空間與診法模型_英文.md,src/content/docs/en/concept/九宮八風空間與診法模型_英文.md,/concept/29-九宮八風空間與診法模型/,/en/concept/29-九宮八風空間與診法模型/
spacetime-028,spacetime,29,29 五六相合時空整合模型,29 Five-Six Spatiotemporal Integration Model,src/content/docs/concept/28-五六相合時空整合模型.md,src/content/docs/concept/五六相合時空整合模型.md,src/content/docs/en/concept/28-五六相合時空整合模型_英文.md,src/content/docs/en/concept/五六相合時空整合模型_英文.md,/concept/28-五六相合時空整合模型/,/en/concept/28-五六相合時空整合模型/
spacetime-030,spacetime,30,30 能量運動的疊加與干預原則,30 Principle of Energy Superposition and Intervention,src/content/docs/concept/30-能量運動的疊加與干預原則.md,src/content/docs/concept/能量運動的疊加與干預原則.md,src/content/docs/en/concept/30-能量運動的疊加與干預原則_英文.md,src/content/docs/en/concept/能量運動的疊加與干預原則_英文.md,/concept/30-能量運動的疊加與干預原則/,/en/concept/30-能量運動的疊加與干預原則/
qihua-physiology-001,qihua-physiology,01,01 醫者明理與天人氣化總綱,01 Understanding Principles as a Physician: General Framework of Heaven-Human Qi Transformation,src/content/docs/qihua_physiology_concept/01-醫者明理與天人氣化總綱.md,src/content/docs/qihua_physiology_concept/醫者明理與天人氣化總綱.md,src/content/docs/en/qihua_physiology_concept/01-醫者明理與天人氣化總綱_英文.md,src/content/docs/en/qihua_physiology_concept/醫者明理與天人氣化總綱_英文.md,/qihua_physiology_concept/01-醫者明理與天人氣化總綱/,/en/qihua_physiology_concept/01-醫者明理與天人氣化總綱/
qihua-physiology-002,qihua-physiology,02,02 一氣陰陽清濁與中氣樞軸,"02 One Qi, Yin-Yang, Clear and Turbid, and the Pivot of Central Qi",src/content/docs/qihua_physiology_concept/02-一氣陰陽清濁與中氣樞軸.md,src/content/docs/qihua_physiology_concept/一氣陰陽清濁與中氣樞軸.md,src/content/docs/en/qihua_physiology_concept/02-一氣陰陽清濁與中氣樞軸_英文.md,src/content/docs/en/qihua_physiology_concept/一氣陰陽清濁與中氣樞軸_英文.md,/qihua_physiology_concept/02-一氣陰陽清濁與中氣樞軸/,/en/qihua_physiology_concept/02-一氣陰陽清濁與中氣樞軸/
qihua-physiology-003,qihua-physiology,03,03 四象五行與春夏秋冬節律,"03 Four Images, Five Phases, and the Rhythm of Spring, Summer, Autumn, and Winter",src/content/docs/qihua_physiology_concept/03-四象五行與春夏秋冬節律.md,src/content/docs/qihua_physiology_concept/四象五行與春夏秋冬節律.md,src/content/docs/en/qihua_physiology_concept/03-四象五行與春夏秋冬節律_英文.md,src/content/docs/en/qihua_physiology_concept/四象五行與春夏秋冬節律_英文.md,/qihua_physiology_concept/03-四象五行與春夏秋冬節律/,/en/qihua_physiology_concept/03-四象五行與春夏秋冬節律/
qihua-physiology-004,qihua-physiology,04,04 脾胃中土與人體五行生成,04 Spleen-Stomach Central Earth and the Generation of the Five Phases in the Body,src/content/docs/qihua_physiology_concept/04-脾胃中土與人體五行生成.md,src/content/docs/qihua_physiology_concept/脾胃中土與人體五行生成.md,src/content/docs/en/qihua_physiology_concept/04-脾胃中土與人體五行生成_英文.md,src/content/docs/en/qihua_physiology_concept/脾胃中土與人體五行生成_英文.md,/qihua_physiology_concept/04-脾胃中土與人體五行生成/,/en/qihua_physiology_concept/04-脾胃中土與人體五行生成/
qihua-physiology-005,qihua-physiology,05,05 探源圖解與天地人氣化總圖,05 Diagrammatic Exploration of Origins: A General Map of Heaven-Earth-Human Qi Transformation,src/content/docs/qihua_physiology_concept/05-探源圖解與天地人氣化總圖.md,src/content/docs/qihua_physiology_concept/探源圖解與天地人氣化總圖.md,src/content/docs/en/qihua_physiology_concept/05-探源圖解與天地人氣化總圖_英文.md,src/content/docs/en/qihua_physiology_concept/探源圖解與天地人氣化總圖_英文.md,/qihua_physiology_concept/05-探源圖解與天地人氣化總圖/,/en/qihua_physiology_concept/05-探源圖解與天地人氣化總圖/
qihua-physiology-007,qihua-physiology,06,06 水火徵兆與上下左右道路,"06 Signs of Water and Fire and the Pathways of Up, Down, Left, and Right",src/content/docs/qihua_physiology_concept/07-水火徵兆與上下左右道路.md,src/content/docs/qihua_physiology_concept/水火徵兆與上下左右道路.md,src/content/docs/en/qihua_physiology_concept/07-水火徵兆與上下左右道路_英文.md,src/content/docs/en/qihua_physiology_concept/水火徵兆與上下左右道路_英文.md,/qihua_physiology_concept/07-水火徵兆與上下左右道路/,/en/qihua_physiology_concept/07-水火徵兆與上下左右道路/
qihua-physiology-008,qihua-physiology,07,07 生長收藏與五臟情志節律,"07 Generation, Growth, Gathering, Storage, and the Emotional Rhythms of the Five Zang",src/content/docs/qihua_physiology_concept/08-生長收藏與五臟情志節律.md,src/content/docs/qihua_physiology_concept/生長收藏與五臟情志節律.md,src/content/docs/en/qihua_physiology_concept/08-生長收藏與五臟情志節律_英文.md,src/content/docs/en/qihua_physiology_concept/生長收藏與五臟情志節律_英文.md,/qihua_physiology_concept/08-生長收藏與五臟情志節律/,/en/qihua_physiology_concept/08-生長收藏與五臟情志節律/
qihua-physiology-009,qihua-physiology,08,08 六氣主時與年度氣候分段,08 Temporal Governance of the Six Qi and Annual Climatic Segmentation,src/content/docs/qihua_physiology_concept/09-六氣主時與年度氣候分段.md,src/content/docs/qihua_physiology_concept/六氣主時與年度氣候分段.md,src/content/docs/en/qihua_physiology_concept/09-六氣主時與年度氣候分段_英文.md,src/content/docs/en/qihua_physiology_concept/六氣主時與年度氣候分段_英文.md,/qihua_physiology_concept/09-六氣主時與年度氣候分段/,/en/qihua_physiology_concept/09-六氣主時與年度氣候分段/
qihua-physiology-010,qihua-physiology,09,09 司天在泉與上下半年氣候,"09 Sitian, Zaiquan, and the Climate of the Upper and Lower Halves of the Year",src/content/docs/qihua_physiology_concept/10-司天在泉與上下半年氣候.md,src/content/docs/qihua_physiology_concept/司天在泉與上下半年氣候.md,src/content/docs/en/qihua_physiology_concept/10-司天在泉與上下半年氣候_英文.md,src/content/docs/en/qihua_physiology_concept/司天在泉與上下半年氣候_英文.md,/qihua_physiology_concept/10-司天在泉與上下半年氣候/,/en/qihua_physiology_concept/10-司天在泉與上下半年氣候/
qihua-physiology-011,qihua-physiology,10,10 天符歲會太乙天符與運氣疊加,"10 Tianfu, Suihui, Taiyi Tianfu, and the Superposition of Movement and Qi",src/content/docs/qihua_physiology_concept/11-天符歲會太乙天符與運氣疊加.md,src/content/docs/qihua_physiology_concept/天符歲會太乙天符與運氣疊加.md,src/content/docs/en/qihua_physiology_concept/11-天符歲會太乙天符與運氣疊加_英文.md,src/content/docs/en/qihua_physiology_concept/天符歲會太乙天符與運氣疊加_英文.md,/qihua_physiology_concept/11-天符歲會太乙天符與運氣疊加/,/en/qihua_physiology_concept/11-天符歲會太乙天符與運氣疊加/
qihua-physiology-012,qihua-physiology,11,11 人生之始與祖氣成形,11 The Beginning of Human Life and the Formation of Ancestral Qi,src/content/docs/qihua_physiology_concept/12-人生之始與祖氣成形.md,src/content/docs/qihua_physiology_concept/人生之始與祖氣成形.md,src/content/docs/en/qihua_physiology_concept/12-人生之始與祖氣成形_英文.md,src/content/docs/en/qihua_physiology_concept/人生之始與祖氣成形_英文.md,/qihua_physiology_concept/12-人生之始與祖氣成形/,/en/qihua_physiology_concept/12-人生之始與祖氣成形/
qihua-physiology-013,qihua-physiology,12,12 五臟六腑功能網路總論,12 General Theory of the Functional Network of the Five Zang and Six Fu,src/content/docs/qihua_physiology_concept/13-五臟六腑功能網路總論.md,src/content/docs/qihua_physiology_concept/五臟六腑功能網路總論.md,src/content/docs/en/qihua_physiology_concept/13-五臟六腑功能網路總論_英文.md,src/content/docs/en/qihua_physiology_concept/五臟六腑功能網路總論_英文.md,/qihua_physiology_concept/13-五臟六腑功能網路總論/,/en/qihua_physiology_concept/13-五臟六腑功能網路總論/
qihua-physiology-016,qihua-physiology,13,13 脾胃中央運化與太倉輸布,"13 Spleen and Stomach: Central Transportation, Transformation, and Distribution from the Great Granary",src/content/docs/qihua_physiology_concept/16-脾胃中央運化與太倉輸布.md,src/content/docs/qihua_physiology_concept/脾胃中央運化與太倉輸布.md,src/content/docs/en/qihua_physiology_concept/16-脾胃中央運化與太倉輸布_英文.md,src/content/docs/en/qihua_physiology_concept/脾胃中央運化與太倉輸布_英文.md,/qihua_physiology_concept/16-脾胃中央運化與太倉輸布/,/en/qihua_physiology_concept/16-脾胃中央運化與太倉輸布/
qihua-physiology-015,qihua-physiology,14,14 肝膽風木謀慮與中正決斷,"14 Liver and Gallbladder Wind-Wood: Planning, Upright Judgment, and Decision",src/content/docs/qihua_physiology_concept/15-肝膽風木謀慮與中正決斷.md,src/content/docs/qihua_physiology_concept/肝膽風木謀慮與中正決斷.md,src/content/docs/en/qihua_physiology_concept/15-肝膽風木謀慮與中正決斷_英文.md,src/content/docs/en/qihua_physiology_concept/肝膽風木謀慮與中正決斷_英文.md,/qihua_physiology_concept/15-肝膽風木謀慮與中正決斷/,/en/qihua_physiology_concept/15-肝膽風木謀慮與中正決斷/
qihua-physiology-014,qihua-physiology,15,15 心與小腸君火神明與化物生血,"15 Heart and Small Intestine: Sovereign Fire, Spirit, Transformation of Matter, and Blood Generation",src/content/docs/qihua_physiology_concept/14-心與小腸君火神明與化物生血.md,src/content/docs/qihua_physiology_concept/心與小腸君火神明與化物生血.md,src/content/docs/en/qihua_physiology_concept/14-心與小腸君火神明與化物生血_英文.md,src/content/docs/en/qihua_physiology_concept/心與小腸君火神明與化物生血_英文.md,/qihua_physiology_concept/14-心與小腸君火神明與化物生血/,/en/qihua_physiology_concept/14-心與小腸君火神明與化物生血/
qihua-physiology-017,qihua-physiology,16,16 肺大腸制節宣降與傳導,"16 Lung and Large Intestine: Regulation, Diffusion-Descent, and Conduction",src/content/docs/qihua_physiology_concept/17-肺大腸制節宣降與傳導.md,src/content/docs/qihua_physiology_concept/肺大腸制節宣降與傳導.md,src/content/docs/en/qihua_physiology_concept/17-肺大腸制節宣降與傳導_英文.md,src/content/docs/en/qihua_physiology_concept/肺大腸制節宣降與傳導_英文.md,/qihua_physiology_concept/17-肺大腸制節宣降與傳導/,/en/qihua_physiology_concept/17-肺大腸制節宣降與傳導/
qihua-physiology-018,qihua-physiology,17,17 腎膀胱水藏津液與氣化出入,"17 Kidney and Bladder: Water Storage, Fluids, and the Entry-Exit of Qi Transformation",src/content/docs/qihua_physiology_concept/18-腎膀胱水藏津液與氣化出入.md,src/content/docs/qihua_physiology_concept/腎膀胱水藏津液與氣化出入.md,src/content/docs/en/qihua_physiology_concept/18-腎膀胱水藏津液與氣化出入_英文.md,src/content/docs/en/qihua_physiology_concept/腎膀胱水藏津液與氣化出入_英文.md,/qihua_physiology_concept/18-腎膀胱水藏津液與氣化出入/,/en/qihua_physiology_concept/18-腎膀胱水藏津液與氣化出入/
qihua-physiology-019,qihua-physiology,18,18 心包三焦相火臣使與水道膜網,"18 Pericardium and Sanjiao: Ministerial Fire, the Envoy, and the Waterway Membrane Network",src/content/docs/qihua_physiology_concept/19-心包三焦相火臣使與水道膜網.md,src/content/docs/qihua_physiology_concept/心包三焦相火臣使與水道膜網.md,src/content/docs/en/qihua_physiology_concept/19-心包三焦相火臣使與水道膜網_英文.md,src/content/docs/en/qihua_physiology_concept/心包三焦相火臣使與水道膜網_英文.md,/qihua_physiology_concept/19-心包三焦相火臣使與水道膜網/,/en/qihua_physiology_concept/19-心包三焦相火臣使與水道膜網/
qihua-physiology-020,qihua-physiology,19,19 臟腑部位形象與內外連網,"19 Zang-Fu Location, Form, and Internal-External Networking",src/content/docs/qihua_physiology_concept/20-臟腑部位形象與內外連網.md,src/content/docs/qihua_physiology_concept/臟腑部位形象與內外連網.md,src/content/docs/en/qihua_physiology_concept/20-臟腑部位形象與內外連網_英文.md,src/content/docs/en/qihua_physiology_concept/臟腑部位形象與內外連網_英文.md,/qihua_physiology_concept/20-臟腑部位形象與內外連網/,/en/qihua_physiology_concept/20-臟腑部位形象與內外連網/
qihua-physiology-021,qihua-physiology,20,20 十二經相交與如環無端,20 The Twelve Channels Intersecting in an Endless Ring,src/content/docs/qihua_physiology_concept/21-十二經相交與如環無端.md,src/content/docs/qihua_physiology_concept/十二經相交與如環無端.md,src/content/docs/en/qihua_physiology_concept/21-十二經相交與如環無端_英文.md,src/content/docs/en/qihua_physiology_concept/十二經相交與如環無端_英文.md,/qihua_physiology_concept/21-十二經相交與如環無端/,/en/qihua_physiology_concept/21-十二經相交與如環無端/
qihua-physiology-022,qihua-physiology,21,21 衝任督帶與先後天交會,"21 Chong, Ren, Du, and Dai: The Meeting of Earlier and Later Heaven",src/content/docs/qihua_physiology_concept/22-衝任督帶與先後天交會.md,src/content/docs/qihua_physiology_concept/衝任督帶與先後天交會.md,src/content/docs/en/qihua_physiology_concept/22-衝任督帶與先後天交會_英文.md,src/content/docs/en/qihua_physiology_concept/衝任督帶與先後天交會_英文.md,/qihua_physiology_concept/22-衝任督帶與先後天交會/,/en/qihua_physiology_concept/22-衝任督帶與先後天交會/
qihua-physiology-023,qihua-physiology,22,22 六經解與十二經由六氣統攝,22 Explaining the Six Channels: Twelve Channels Governed by the Six Qi,src/content/docs/qihua_physiology_concept/23-六經解與十二經由六氣統攝.md,src/content/docs/qihua_physiology_concept/六經解與十二經由六氣統攝.md,src/content/docs/en/qihua_physiology_concept/23-六經解與十二經由六氣統攝_英文.md,src/content/docs/en/qihua_physiology_concept/六經解與十二經由六氣統攝_英文.md,/qihua_physiology_concept/23-六經解與十二經由六氣統攝/,/en/qihua_physiology_concept/23-六經解與十二經由六氣統攝/
qihua-physiology-029,qihua-physiology,23,23 六經開闔樞與審證大關鍵,"23 Opening, Closing, and Pivoting of the Six Channels: A Key to Pattern Examination",src/content/docs/qihua_physiology_concept/29-六經開闔樞與審證大關鍵.md,src/content/docs/qihua_physiology_concept/六經開闔樞與審證大關鍵.md,src/content/docs/en/qihua_physiology_concept/29-六經開闔樞與審證大關鍵_英文.md,src/content/docs/en/qihua_physiology_concept/六經開闔樞與審證大關鍵_英文.md,/qihua_physiology_concept/29-六經開闔樞與審證大關鍵/,/en/qihua_physiology_concept/29-六經開闔樞與審證大關鍵/
qihua-physiology-024,qihua-physiology,24,24 六氣解與主令化氣盛衰,"24 Explaining the Six Qi: Temporal Governance, Transformation, and Rise and Decline of Channel Qi",src/content/docs/qihua_physiology_concept/24-六氣解與主令化氣盛衰.md,src/content/docs/qihua_physiology_concept/六氣解與主令化氣盛衰.md,src/content/docs/en/qihua_physiology_concept/24-六氣解與主令化氣盛衰_英文.md,src/content/docs/en/qihua_physiology_concept/六氣解與主令化氣盛衰_英文.md,/qihua_physiology_concept/24-六氣解與主令化氣盛衰/,/en/qihua_physiology_concept/24-六氣解與主令化氣盛衰/
qihua-physiology-025,qihua-physiology,25,25 營氣運行與脈中日夜五十周,25 Nutritive Qi Circulation: Fifty Circuits Through the Vessels Day and Night,src/content/docs/qihua_physiology_concept/25-營氣運行與脈中日夜五十周.md,src/content/docs/qihua_physiology_concept/營氣運行與脈中日夜五十周.md,src/content/docs/en/qihua_physiology_concept/25-營氣運行與脈中日夜五十周_英文.md,src/content/docs/en/qihua_physiology_concept/營氣運行與脈中日夜五十周_英文.md,/qihua_physiology_concept/25-營氣運行與脈中日夜五十周/,/en/qihua_physiology_concept/25-營氣運行與脈中日夜五十周/
qihua-physiology-026,qihua-physiology,26,26 衛氣出入與寤寐防衛節律,26 Defensive Qi Entry and Exit: Wake-Sleep and Protective Rhythms,src/content/docs/qihua_physiology_concept/26-衛氣出入與寤寐防衛節律.md,src/content/docs/qihua_physiology_concept/衛氣出入與寤寐防衛節律.md,src/content/docs/en/qihua_physiology_concept/26-衛氣出入與寤寐防衛節律_英文.md,src/content/docs/en/qihua_physiology_concept/衛氣出入與寤寐防衛節律_英文.md,/qihua_physiology_concept/26-衛氣出入與寤寐防衛節律/,/en/qihua_physiology_concept/26-衛氣出入與寤寐防衛節律/
qihua-physiology-027,qihua-physiology,27,27 男女天癸與生命長周期,27 Tiangui in Women and Men and the Long Cycle of Life,src/content/docs/qihua_physiology_concept/27-男女天癸與生命長周期.md,src/content/docs/qihua_physiology_concept/男女天癸與生命長周期.md,src/content/docs/en/qihua_physiology_concept/27-男女天癸與生命長周期_英文.md,src/content/docs/en/qihua_physiology_concept/男女天癸與生命長周期_英文.md,/qihua_physiology_concept/27-男女天癸與生命長周期/,/en/qihua_physiology_concept/27-男女天癸與生命長周期/
qihua-physiology-028,qihua-physiology,28,28 血氣精神與養生協調總論,"28 General Theory of Blood, Qi, Essence, Spirit, and Coordinated Health Preservation",src/content/docs/qihua_physiology_concept/28-血氣精神與養生協調總論.md,src/content/docs/qihua_physiology_concept/血氣精神與養生協調總論.md,src/content/docs/en/qihua_physiology_concept/28-血氣精神與養生協調總論_英文.md,src/content/docs/en/qihua_physiology_concept/血氣精神與養生協調總論_英文.md,/qihua_physiology_concept/28-血氣精神與養生協調總論/,/en/qihua_physiology_concept/28-血氣精神與養生協調總論/
qihua-physiology-006,qihua-physiology,29,29 陰陽變化與治病求本,29 Yin-Yang Transformation and Treating Disease by Seeking the Root,src/content/docs/qihua_physiology_concept/06-陰陽變化與治病求本.md,src/content/docs/qihua_physiology_concept/陰陽變化與治病求本.md,src/content/docs/en/qihua_physiology_concept/06-陰陽變化與治病求本_英文.md,src/content/docs/en/qihua_physiology_concept/陰陽變化與治病求本_英文.md,/qihua_physiology_concept/06-陰陽變化與治病求本/,/en/qihua_physiology_concept/06-陰陽變化與治病求本/
qihua-physiology-030,qihua-physiology,30,30 本標中氣與外感病機整合,"30 Root, Manifestation, and Central Qi: Integrating Externally Contracted Pathomechanisms",src/content/docs/qihua_physiology_concept/30-本標中氣與外感病機整合.md,src/content/docs/qihua_physiology_concept/本標中氣與外感病機整合.md,src/content/docs/en/qihua_physiology_concept/30-本標中氣與外感病機整合_英文.md,src/content/docs/en/qihua_physiology_concept/本標中氣與外感病機整合_英文.md,/qihua_physiology_concept/30-本標中氣與外感病機整合/,/en/qihua_physiology_concept/30-本標中氣與外感病機整合/
jingfang-001,jingfang,01,01 經方之經的古天文幾何軌道本質,01 The Ancient Astronomical-Geometric Orbital Essence of the 'Jing' in Classical Formulas,src/content/docs/jingfang_concept/01-經方之經的古天文幾何軌道本質.md,src/content/docs/jingfang_concept/經方之經的古天文幾何軌道本質.md,src/content/docs/en/jingfang_concept/01-經方之經的古天文幾何軌道本質_英文.md,src/content/docs/en/jingfang_concept/經方之經的古天文幾何軌道本質_英文.md,/jingfang_concept/01-經方之經的古天文幾何軌道本質/,/en/jingfang_concept/01-經方之經的古天文幾何軌道本質/
jingfang-002,jingfang,02,02 十六字食療之秘與物成味定原則,02 The Secret of the Sixteen-Character Dietary Formula and the Principle That Material Formation Determines Flavor,src/content/docs/jingfang_concept/02-十六字食療之秘與物成味定原則.md,src/content/docs/jingfang_concept/十六字食療之秘與物成味定原則.md,src/content/docs/en/jingfang_concept/02-十六字食療之秘與物成味定原則_英文.md,src/content/docs/en/jingfang_concept/十六字食療之秘與物成味定原則_英文.md,/jingfang_concept/02-十六字食療之秘與物成味定原則/,/en/jingfang_concept/02-十六字食療之秘與物成味定原則/
jingfang-003,jingfang,03,03 五味中土空間模型與五入親和性,03 The Central-Earth Spatial Model of the Five Flavors and the Affinities of the Five Entrances,src/content/docs/jingfang_concept/03-五味中土空間模型與五入親和性.md,src/content/docs/jingfang_concept/五味中土空間模型與五入親和性.md,src/content/docs/en/jingfang_concept/03-五味中土空間模型與五入親和性_英文.md,src/content/docs/en/jingfang_concept/五味中土空間模型與五入親和性_英文.md,/jingfang_concept/03-五味中土空間模型與五入親和性/,/en/jingfang_concept/03-五味中土空間模型與五入親和性/
jingfang-004,jingfang,04,04 天干配五行之時間雙向調控模型,04 The Bidirectional Temporal Control Model of the Heavenly Stems and Five Phases,src/content/docs/jingfang_concept/04-天干配五行之時間雙向調控模型.md,src/content/docs/jingfang_concept/天干配五行之時間雙向調控模型.md,src/content/docs/en/jingfang_concept/04-天干配五行之時間雙向調控模型_英文.md,src/content/docs/en/jingfang_concept/天干配五行之時間雙向調控模型_英文.md,/jingfang_concept/04-天干配五行之時間雙向調控模型/,/en/jingfang_concept/04-天干配五行之時間雙向調控模型/
jingfang-005,jingfang,05,05 空間模型之克位與扶位矩陣向量,05 Matrix Vectors of the Overcoming and Supporting Positions in the Spatial Model,src/content/docs/jingfang_concept/05-空間模型之克位與扶位矩陣向量.md,src/content/docs/jingfang_concept/空間模型之克位與扶位矩陣向量.md,src/content/docs/en/jingfang_concept/05-空間模型之克位與扶位矩陣向量_英文.md,src/content/docs/en/jingfang_concept/空間模型之克位與扶位矩陣向量_英文.md,/jingfang_concept/05-空間模型之克位與扶位矩陣向量/,/en/jingfang_concept/05-空間模型之克位與扶位矩陣向量/
jingfang-006,jingfang,06,06 藏氣法時論天干五行望相衰求死週期,06 The Prosperous–Ministering–Declining–Imprisoned–Dead Cycle of the Heavenly Stems and Five Phases in the Discourse on Zang Qi and the Seasons,src/content/docs/jingfang_concept/06-藏氣法時論天干五行望相衰求死週期.md,src/content/docs/jingfang_concept/藏氣法時論天干五行望相衰求死週期.md,src/content/docs/en/jingfang_concept/06-藏氣法時論天干五行望相衰求死週期_英文.md,src/content/docs/en/jingfang_concept/藏氣法時論天干五行望相衰求死週期_英文.md,/jingfang_concept/06-藏氣法時論天干五行望相衰求死週期/,/en/jingfang_concept/06-藏氣法時論天干五行望相衰求死週期/
jingfang-007,jingfang,07,07 五臟五欲與時間模型補瀉聖化規則,07 The Five Desires of the Five Zang and the Temporal Model's Rules of Supplementation and Drainage,src/content/docs/jingfang_concept/07-五臟五欲與時間模型補瀉聖化規則.md,src/content/docs/jingfang_concept/五臟五欲與時間模型補瀉聖化規則.md,src/content/docs/en/jingfang_concept/07-五臟五欲與時間模型補瀉聖化規則_英文.md,src/content/docs/en/jingfang_concept/五臟五欲與時間模型補瀉聖化規則_英文.md,/jingfang_concept/07-五臟五欲與時間模型補瀉聖化規則/,/en/jingfang_concept/07-五臟五欲與時間模型補瀉聖化規則/
jingfang-008,jingfang,08,08 緩急收散之五苦時間干預模型,"08 The Five-Distress Temporal Intervention Model of Relaxing, Urgency, Gathering, and Dispersing",src/content/docs/jingfang_concept/08-緩急收散之五苦時間干預模型.md,src/content/docs/jingfang_concept/緩急收散之五苦時間干預模型.md,src/content/docs/en/jingfang_concept/08-緩急收散之五苦時間干預模型_英文.md,src/content/docs/en/jingfang_concept/緩急收散之五苦時間干預模型_英文.md,/jingfang_concept/08-緩急收散之五苦時間干預模型/,/en/jingfang_concept/08-緩急收散之五苦時間干預模型/
jingfang-009,jingfang,09,09 司天與在泉的摩天輪六氣輪轉機制,09 The Ferris-Wheel Mechanism of Sitian and Zaiquan in the Rotation of the Six Qi,src/content/docs/jingfang_concept/09-司天與在泉的摩天輪六氣輪轉機制.md,src/content/docs/jingfang_concept/司天與在泉的摩天輪六氣輪轉機制.md,src/content/docs/en/jingfang_concept/09-司天與在泉的摩天輪六氣輪轉機制_英文.md,src/content/docs/en/jingfang_concept/司天與在泉的摩天輪六氣輪轉機制_英文.md,/jingfang_concept/09-司天與在泉的摩天輪六氣輪轉機制/,/en/jingfang_concept/09-司天與在泉的摩天輪六氣輪轉機制/
jingfang-011,jingfang,10,10 歲運司天輪值之土地物候味道偏向性,"10 Land, Phenology, and Flavor Bias under the Annual Rotation of Sitian",src/content/docs/jingfang_concept/11-歲運司天輪值之土地物候味道偏向性.md,src/content/docs/jingfang_concept/歲運司天輪值之土地物候味道偏向性.md,src/content/docs/en/jingfang_concept/11-歲運司天輪值之土地物候味道偏向性_英文.md,src/content/docs/en/jingfang_concept/歲運司天輪值之土地物候味道偏向性_英文.md,/jingfang_concept/11-歲運司天輪值之土地物候味道偏向性/,/en/jingfang_concept/11-歲運司天輪值之土地物候味道偏向性/
jingfang-012,jingfang,11,11 六氣 X 七大運動家族,11 Six Qi × Seven Major Families of Motion,src/content/docs/jingfang_concept/12-六氣X七大運動家族.md,src/content/docs/jingfang_concept/六氣X七大運動家族.md,src/content/docs/en/jingfang_concept/12-六氣X七大運動家族_英文.md,src/content/docs/en/jingfang_concept/六氣X七大運動家族_英文.md,/jingfang_concept/12-六氣x七大運動家族/,/en/jingfang_concept/12-六氣x七大運動家族/
jingfang-020,jingfang,12,12 五行位之主與三陰三陽主氣時間先後治法,12 Treatment of the Five-Phase Host Positions and the Temporal Sequence of the Three Yin and Three Yang Host Qi,src/content/docs/jingfang_concept/20-五行位之主與三陰三陽主氣時間先後治法.md,src/content/docs/jingfang_concept/五行位之主與三陰三陽主氣時間先後治法.md,src/content/docs/en/jingfang_concept/20-五行位之主與三陰三陽主氣時間先後治法_英文.md,src/content/docs/en/jingfang_concept/五行位之主與三陰三陽主氣時間先後治法_英文.md,/jingfang_concept/20-五行位之主與三陰三陽主氣時間先後治法/,/en/jingfang_concept/20-五行位之主與三陰三陽主氣時間先後治法/
jingfang-013,jingfang,13,13 司天六氣所勝的治味結構,13 The Therapeutic-Flavor Structure of Six-Qi Victory in the Sitian Position,src/content/docs/jingfang_concept/13-司天六氣所勝的治味結構.md,src/content/docs/jingfang_concept/司天六氣所勝的治味結構.md,src/content/docs/en/jingfang_concept/13-司天六氣所勝的治味結構_英文.md,src/content/docs/en/jingfang_concept/司天六氣所勝的治味結構_英文.md,/jingfang_concept/13-司天六氣所勝的治味結構/,/en/jingfang_concept/13-司天六氣所勝的治味結構/
jingfang-014,jingfang,14,14 在泉六氣淫於內的治法結構,14 The Treatment Structure of the Six Qi in Zaiquan Excessively Invading the Interior,src/content/docs/jingfang_concept/14-在泉六氣淫於內的治法結構.md,src/content/docs/jingfang_concept/在泉六氣淫於內的治法結構.md,src/content/docs/en/jingfang_concept/14-在泉六氣淫於內的治法結構_英文.md,src/content/docs/en/jingfang_concept/在泉六氣淫於內的治法結構_英文.md,/jingfang_concept/14-在泉六氣淫於內的治法結構/,/en/jingfang_concept/14-在泉六氣淫於內的治法結構/
jingfang-015,jingfang,15,15 邪氣反勝於地的治法結構,15 The Treatment Structure of Pathogenic Qi Counter-Victory on Earth,src/content/docs/jingfang_concept/15-邪氣反勝於地的治法結構.md,src/content/docs/jingfang_concept/邪氣反勝於地的治法結構.md,src/content/docs/en/jingfang_concept/15-邪氣反勝於地的治法結構_英文.md,src/content/docs/en/jingfang_concept/邪氣反勝於地的治法結構_英文.md,/jingfang_concept/15-邪氣反勝於地的治法結構/,/en/jingfang_concept/15-邪氣反勝於地的治法結構/
jingfang-016,jingfang,16,16 司天邪勝的治法結構,16 The Treatment Structure of Pathogenic Victory over Sitian,src/content/docs/jingfang_concept/16-司天邪勝的治法結構.md,src/content/docs/jingfang_concept/司天邪勝的治法結構.md,src/content/docs/en/jingfang_concept/16-司天邪勝的治法結構_英文.md,src/content/docs/en/jingfang_concept/司天邪勝的治法結構_英文.md,/jingfang_concept/16-司天邪勝的治法結構/,/en/jingfang_concept/16-司天邪勝的治法結構/
jingfang-017,jingfang,17,17 六氣之勝的治法結構,17 The Treatment Structure of the Victory of the Six Qi,src/content/docs/jingfang_concept/17-六氣之勝的治法結構.md,src/content/docs/jingfang_concept/六氣之勝的治法結構.md,src/content/docs/en/jingfang_concept/17-六氣之勝的治法結構_英文.md,src/content/docs/en/jingfang_concept/六氣之勝的治法結構_英文.md,/jingfang_concept/17-六氣之勝的治法結構/,/en/jingfang_concept/17-六氣之勝的治法結構/
jingfang-018,jingfang,18,18 六氣之復的治法結構,18 The Treatment Structure of the Restoration of the Six Qi,src/content/docs/jingfang_concept/18-六氣之復的治法結構.md,src/content/docs/jingfang_concept/六氣之復的治法結構.md,src/content/docs/en/jingfang_concept/18-六氣之復的治法結構_英文.md,src/content/docs/en/jingfang_concept/六氣之復的治法結構_英文.md,/jingfang_concept/18-六氣之復的治法結構/,/en/jingfang_concept/18-六氣之復的治法結構/
jingfang-019,jingfang,19,19 六氣之客的治法結構,19 The Treatment Structure of the Six Qi as Guest Qi,src/content/docs/jingfang_concept/19-六氣之客的治法結構.md,src/content/docs/jingfang_concept/六氣之客的治法結構.md,src/content/docs/en/jingfang_concept/19-六氣之客的治法結構_英文.md,src/content/docs/en/jingfang_concept/六氣之客的治法結構_英文.md,/jingfang_concept/19-六氣之客的治法結構/,/en/jingfang_concept/19-六氣之客的治法結構/
jingfang-021,jingfang,20,20 客氣值日補瀉與辛酸化甘口訣源頭,"20 Guest-Qi Day Governance, Supplementation and Drainage, and the Source of the 'Pungent + Sour Transform into Sweet' Formula",src/content/docs/jingfang_concept/21-客氣值日補瀉與辛酸化甘口訣源頭.md,src/content/docs/jingfang_concept/客氣值日補瀉與辛酸化甘口訣源頭.md,src/content/docs/en/jingfang_concept/21-客氣值日補瀉與辛酸化甘口訣源頭_英文.md,src/content/docs/en/jingfang_concept/客氣值日補瀉與辛酸化甘口訣源頭_英文.md,/jingfang_concept/21-客氣值日補瀉與辛酸化甘口訣源頭/,/en/jingfang_concept/21-客氣值日補瀉與辛酸化甘口訣源頭/
jingfang-022,jingfang,21,21 《六元正紀大論》六十甲子食療生數成數模型導論與核心定義,21 Introduction to the Sixty-Jiazi Dietary-Therapy Model of Generating and Completing Numbers in the Great Discourse on the Regular Order of the Six Origins,src/content/docs/jingfang_concept/22-《六元正紀大論》六十甲子食療生數成數模型導論與核心定義.md,src/content/docs/jingfang_concept/《六元正紀大論》六十甲子食療生數成數模型導論與核心定義.md,src/content/docs/en/jingfang_concept/22-《六元正紀大論》六十甲子食療生數成數模型導論與核心定義_英文.md,src/content/docs/en/jingfang_concept/《六元正紀大論》六十甲子食療生數成數模型導論與核心定義_英文.md,/jingfang_concept/22-六元正紀大論六十甲子食療生數成數模型導論與核心定義/,/en/jingfang_concept/22-六元正紀大論六十甲子食療生數成數模型導論與核心定義/
jingfang-023,jingfang,22,22 天之氣與地之氣的時空模型選用總綱,22 General Rule for Choosing the Spacetime Model of Heavenly Qi and Earthly Qi,src/content/docs/jingfang_concept/23-2天之氣與地之氣的時空模型選用總綱.md,src/content/docs/jingfang_concept/2天之氣與地之氣的時空模型選用總綱.md,src/content/docs/en/jingfang_concept/23-2天之氣與地之氣的時空模型選用總綱_英文.md,src/content/docs/en/jingfang_concept/2天之氣與地之氣的時空模型選用總綱_英文.md,/jingfang_concept/23-2天之氣與地之氣的時空模型選用總綱/,/en/jingfang_concept/23-2天之氣與地之氣的時空模型選用總綱/
materia-medica-001,materia-medica,01,01 本草漁網與正本清源,01 The Herbal-Medicine Fishing Net and Returning to the Source,src/content/docs/drug_concept/01-本草漁網與正本清源.md,src/content/docs/drug_concept/本草漁網與正本清源.md,src/content/docs/en/drug_concept/01-本草漁網與正本清源_英文.md,src/content/docs/en/drug_concept/本草漁網與正本清源_英文.md,/drug_concept/01-本草漁網與正本清源/,/en/drug_concept/01-本草漁網與正本清源/
materia-medica-002,materia-medica,02,02 本草求真的三維符號化收斂,02 Three-Dimensional Symbolic Convergence in Bencao Qiuzhen,src/content/docs/drug_concept/02-本草求真的三維符號化收斂.md,src/content/docs/drug_concept/本草求真的三維符號化收斂.md,src/content/docs/en/drug_concept/02-本草求真的三維符號化收斂_英文.md,src/content/docs/en/drug_concept/本草求真的三維符號化收斂_英文.md,/drug_concept/02-本草求真的三維符號化收斂/,/en/drug_concept/02-本草求真的三維符號化收斂/
materia-medica-003,materia-medica,03,03 臟腑辨證興起與三陰三陽退隱,03 The Rise of Zang-Fu Pattern Differentiation and the Retreat of the Three Yin and Three Yang,src/content/docs/drug_concept/03-臟腑辨證興起與三陰三陽退隱.md,src/content/docs/drug_concept/臟腑辨證興起與三陰三陽退隱.md,src/content/docs/en/drug_concept/03-臟腑辨證興起與三陰三陽退隱_英文.md,src/content/docs/en/drug_concept/臟腑辨證興起與三陰三陽退隱_英文.md,/drug_concept/03-臟腑辨證興起與三陰三陽退隱/,/en/drug_concept/03-臟腑辨證興起與三陰三陽退隱/
materia-medica-004,materia-medica,04,04 六淫痰積氣血與標本主次,"04 The Six Excesses, Phlegm, Accumulation, Qi and Blood, and the Priority of Root and Branch",src/content/docs/drug_concept/04-六淫痰積氣血與標本主次.md,src/content/docs/drug_concept/六淫痰積氣血與標本主次.md,src/content/docs/en/drug_concept/04-六淫痰積氣血與標本主次_英文.md,src/content/docs/en/drug_concept/六淫痰積氣血與標本主次_英文.md,/drug_concept/04-六淫痰積氣血與標本主次/,/en/drug_concept/04-六淫痰積氣血與標本主次/
materia-medica-005,materia-medica,05,05 多標籤藥物與選方困境,05 Multi-Label Medicines and the Dilemma of Formula Selection,src/content/docs/drug_concept/05-多標籤藥物與選方困境.md,src/content/docs/drug_concept/多標籤藥物與選方困境.md,src/content/docs/en/drug_concept/05-多標籤藥物與選方困境_英文.md,src/content/docs/en/drug_concept/多標籤藥物與選方困境_英文.md,/drug_concept/05-多標籤藥物與選方困境/,/en/drug_concept/05-多標籤藥物與選方困境/
materia-medica-009,materia-medica,06,06 症狀專病辨證的捷徑與限制,06 The Shortcut and Limits of Symptom- and Disease-Specific Pattern Differentiation,src/content/docs/drug_concept/09-症狀專病辨證的捷徑與限制.md,src/content/docs/drug_concept/症狀專病辨證的捷徑與限制.md,src/content/docs/en/drug_concept/09-症狀專病辨證的捷徑與限制_英文.md,src/content/docs/en/drug_concept/症狀專病辨證的捷徑與限制_英文.md,/drug_concept/09-症狀專病辨證的捷徑與限制/,/en/drug_concept/09-症狀專病辨證的捷徑與限制/
materia-medica-012,materia-medica,07,07 神農本草經破解總綱,07 General Framework for Decoding the Shennong Bencao Jing,src/content/docs/drug_concept/12-神農本草經破解總綱.md,src/content/docs/drug_concept/神農本草經破解總綱.md,src/content/docs/en/drug_concept/12-神農本草經破解總綱_英文.md,src/content/docs/en/drug_concept/神農本草經破解總綱_英文.md,/drug_concept/12-神農本草經破解總綱/,/en/drug_concept/12-神農本草經破解總綱/
materia-medica-013,materia-medica,08,08 藥名之象與命名推理,08 The Image within Drug Names and Reasoning from Nomenclature,src/content/docs/drug_concept/13-藥名之象與命名推理.md,src/content/docs/drug_concept/藥名之象與命名推理.md,src/content/docs/en/drug_concept/13-藥名之象與命名推理_英文.md,src/content/docs/en/drug_concept/藥名之象與命名推理_英文.md,/drug_concept/13-藥名之象與命名推理/,/en/drug_concept/13-藥名之象與命名推理/
materia-medica-014,materia-medica,09,09 五氣五味與性味定位,"09 The Five Qi, Five Flavors, and Locating Medicinal Nature and Flavor",src/content/docs/drug_concept/14-五氣五味與性味定位.md,src/content/docs/drug_concept/五氣五味與性味定位.md,src/content/docs/en/drug_concept/14-五氣五味與性味定位_英文.md,src/content/docs/en/drug_concept/五氣五味與性味定位_英文.md,/drug_concept/14-五氣五味與性味定位/,/en/drug_concept/14-五氣五味與性味定位/
materia-medica-015,materia-medica,10,10 形體之體與以形治形,10 Bodily Form and Treating Form through Form,src/content/docs/drug_concept/15-形體之體與以形治形.md,src/content/docs/drug_concept/形體之體與以形治形.md,src/content/docs/en/drug_concept/15-形體之體與以形治形_英文.md,src/content/docs/en/drug_concept/形體之體與以形治形_英文.md,/drug_concept/15-形體之體與以形治形/,/en/drug_concept/15-形體之體與以形治形/
materia-medica-016,materia-medica,11,11 升降浮沉與春夏秋冬,"11 Ascent, Descent, Floating, Sinking, and the Four Seasons",src/content/docs/drug_concept/16-升降浮沉與春夏秋冬.md,src/content/docs/drug_concept/升降浮沉與春夏秋冬.md,src/content/docs/en/drug_concept/16-升降浮沉與春夏秋冬_英文.md,src/content/docs/en/drug_concept/升降浮沉與春夏秋冬_英文.md,/drug_concept/16-升降浮沉與春夏秋冬/,/en/drug_concept/16-升降浮沉與春夏秋冬/
materia-medica-017,materia-medica,12,12 清濁密度與起效速度,"12 Clarity, Turbidity, Density, and Speed of Onset",src/content/docs/drug_concept/17-清濁密度與起效速度.md,src/content/docs/drug_concept/清濁密度與起效速度.md,src/content/docs/en/drug_concept/17-清濁密度與起效速度_英文.md,src/content/docs/en/drug_concept/清濁密度與起效速度_英文.md,/drug_concept/17-清濁密度與起效速度/,/en/drug_concept/17-清濁密度與起效速度/
materia-medica-018,materia-medica,13,13 採收時節與天地禀賦,13 Harvest Season and the Endowment of Heaven and Earth,src/content/docs/drug_concept/18-採收時節與天地禀賦.md,src/content/docs/drug_concept/採收時節與天地禀賦.md,src/content/docs/en/drug_concept/18-採收時節與天地禀賦_英文.md,src/content/docs/en/drug_concept/採收時節與天地禀賦_英文.md,/drug_concept/18-採收時節與天地禀賦/,/en/drug_concept/18-採收時節與天地禀賦/
materia-medica-019,materia-medica,14,14 徐靈胎因果箭頭解讀法,14 Xu Lingtai's Method of Reading Causal Arrows,src/content/docs/drug_concept/19-徐靈胎因果箭頭解讀法.md,src/content/docs/drug_concept/徐靈胎因果箭頭解讀法.md,src/content/docs/en/drug_concept/19-徐靈胎因果箭頭解讀法_英文.md,src/content/docs/en/drug_concept/徐靈胎因果箭頭解讀法_英文.md,/drug_concept/19-徐靈胎因果箭頭解讀法/,/en/drug_concept/19-徐靈胎因果箭頭解讀法/
materia-medica-021,materia-medica,15,15 內經病症規則庫與以經解經,15 An Inner Canon Symptom Rule Base and Explaining One Classic through Another,src/content/docs/drug_concept/21-內經病症規則庫與以經解經.md,src/content/docs/drug_concept/內經病症規則庫與以經解經.md,src/content/docs/en/drug_concept/21-內經病症規則庫與以經解經_英文.md,src/content/docs/en/drug_concept/內經病症規則庫與以經解經_英文.md,/drug_concept/21-內經病症規則庫與以經解經/,/en/drug_concept/21-內經病症規則庫與以經解經/
materia-medica-006,materia-medica,16,16 AI輔助古籍因果提取法,16 AI-Assisted Extraction of Causal Reasoning from Ancient Texts,src/content/docs/drug_concept/06-AI輔助古籍因果提取法.md,src/content/docs/drug_concept/AI輔助古籍因果提取法.md,src/content/docs/en/drug_concept/06-AI輔助古籍因果提取法_英文.md,src/content/docs/en/drug_concept/AI輔助古籍因果提取法_英文.md,/drug_concept/06-ai輔助古籍因果提取法/,/en/drug_concept/06-ai輔助古籍因果提取法/
materia-medica-020,materia-medica,17,17 本草綱領的分類框架驗證,17 Validating a Classification Framework for the Principles of Materia Medica,src/content/docs/drug_concept/20-本草綱領的分類框架驗證.md,src/content/docs/drug_concept/本草綱領的分類框架驗證.md,src/content/docs/en/drug_concept/20-本草綱領的分類框架驗證_英文.md,src/content/docs/en/drug_concept/本草綱領的分類框架驗證_英文.md,/drug_concept/20-本草綱領的分類框架驗證/,/en/drug_concept/20-本草綱領的分類框架驗證/
materia-medica-022,materia-medica,18,18 張志聰本草崇原與禀賦提煉,18 Zhang Zhicong's Bencao Chongyuan and Extracting Innate Endowment,src/content/docs/drug_concept/22-張志聰本草崇原與禀賦提煉.md,src/content/docs/drug_concept/張志聰本草崇原與禀賦提煉.md,src/content/docs/en/drug_concept/22-張志聰本草崇原與禀賦提煉_英文.md,src/content/docs/en/drug_concept/張志聰本草崇原與禀賦提煉_英文.md,/drug_concept/22-張志聰本草崇原與禀賦提煉/,/en/drug_concept/22-張志聰本草崇原與禀賦提煉/
materia-medica-023,materia-medica,19,19 白朮補益脾土與標本分層,19 Atractylodes: Supplementing Spleen-Earth and Layering Root and Branch,src/content/docs/drug_concept/23-白朮補益脾土與標本分層.md,src/content/docs/drug_concept/白朮補益脾土與標本分層.md,src/content/docs/en/drug_concept/23-白朮補益脾土與標本分層_英文.md,src/content/docs/en/drug_concept/白朮補益脾土與標本分層_英文.md,/drug_concept/23-白朮補益脾土與標本分層/,/en/drug_concept/23-白朮補益脾土與標本分層/
materia-medica-024,materia-medica,20,20 甘草五臟六腑與不偏之性,20 Licorice: The Five Zang and Six Fu and Its Relatively Unbiased Nature,src/content/docs/drug_concept/24-甘草五臟六腑與不偏之性.md,src/content/docs/drug_concept/甘草五臟六腑與不偏之性.md,src/content/docs/en/drug_concept/24-甘草五臟六腑與不偏之性_英文.md,src/content/docs/en/drug_concept/甘草五臟六腑與不偏之性_英文.md,/drug_concept/24-甘草五臟六腑與不偏之性/,/en/drug_concept/24-甘草五臟六腑與不偏之性/
materia-medica-025,materia-medica,21,21 桂枝枝形通道與上下氣交通,21 Cinnamon Twig: Branch Morphology as a Channel for Communication of Qi Above and Below,src/content/docs/drug_concept/25-桂枝枝形通道與上下氣交通.md,src/content/docs/drug_concept/桂枝枝形通道與上下氣交通.md,src/content/docs/en/drug_concept/25-桂枝枝形通道與上下氣交通_英文.md,src/content/docs/en/drug_concept/桂枝枝形通道與上下氣交通_英文.md,/drug_concept/25-桂枝枝形通道與上下氣交通/,/en/drug_concept/25-桂枝枝形通道與上下氣交通/
materia-medica-026,materia-medica,22,22 黃芩陽明太陰與清熱範圍,"22 Scutellaria: Yangming, Taiyin, and the Scope of Heat Clearing",src/content/docs/drug_concept/26-黃芩陽明太陰與清熱範圍.md,src/content/docs/drug_concept/黃芩陽明太陰與清熱範圍.md,src/content/docs/en/drug_concept/26-黃芩陽明太陰與清熱範圍_英文.md,src/content/docs/en/drug_concept/黃芩陽明太陰與清熱範圍_英文.md,/drug_concept/26-黃芩陽明太陰與清熱範圍/,/en/drug_concept/26-黃芩陽明太陰與清熱範圍/
materia-medica-027,materia-medica,23,23 附子細辛與少陰太陽標本,23 Aconite and Asarum: Root-Branch Relations of Shaoyin and Taiyang,src/content/docs/drug_concept/27-附子細辛與少陰太陽標本.md,src/content/docs/drug_concept/附子細辛與少陰太陽標本.md,src/content/docs/en/drug_concept/27-附子細辛與少陰太陽標本_英文.md,src/content/docs/en/drug_concept/附子細辛與少陰太陽標本_英文.md,/drug_concept/27-附子細辛與少陰太陽標本/,/en/drug_concept/27-附子細辛與少陰太陽標本/
materia-medica-028,materia-medica,24,24 葛根杜仲與形態經脈推演,24 Kudzu and Eucommia: Derivation through Morphology and Channels,src/content/docs/drug_concept/28-葛根杜仲與形態經脈推演.md,src/content/docs/drug_concept/葛根杜仲與形態經脈推演.md,src/content/docs/en/drug_concept/28-葛根杜仲與形態經脈推演_英文.md,src/content/docs/en/drug_concept/葛根杜仲與形態經脈推演_英文.md,/drug_concept/28-葛根杜仲與形態經脈推演/,/en/drug_concept/28-葛根杜仲與形態經脈推演/
materia-medica-029,materia-medica,25,25 神農本草三百六十味的時空分佈,25 The Spacetime Distribution of the 360 Medicines of the Shennong Bencao Jing,src/content/docs/drug_concept/29-神農本草三百六十味的時空分佈.md,src/content/docs/drug_concept/神農本草三百六十味的時空分佈.md,src/content/docs/en/drug_concept/29-神農本草三百六十味的時空分佈_英文.md,src/content/docs/en/drug_concept/神農本草三百六十味的時空分佈_英文.md,/drug_concept/29-神農本草三百六十味的時空分佈/,/en/drug_concept/29-神農本草三百六十味的時空分佈/
materia-medica-007,materia-medica,26,26 內經時空模型作為藥物總座標,26 The Inner Canon Spacetime Model as the Master Coordinate System for Materia Medica,src/content/docs/drug_concept/07-內經時空模型作為藥物總座標.md,src/content/docs/drug_concept/內經時空模型作為藥物總座標.md,src/content/docs/en/drug_concept/07-內經時空模型作為藥物總座標_英文.md,src/content/docs/en/drug_concept/內經時空模型作為藥物總座標_英文.md,/drug_concept/07-內經時空模型作為藥物總座標/,/en/drug_concept/07-內經時空模型作為藥物總座標/
materia-medica-008,materia-medica,27,27 朱進忠臨床用藥三十三視角,27 Zhu Jinzhong's Thirty-Three Clinical Perspectives on Drug Use,src/content/docs/drug_concept/08-朱進忠臨床用藥三十三視角.md,src/content/docs/drug_concept/朱進忠臨床用藥三十三視角.md,src/content/docs/en/drug_concept/08-朱進忠臨床用藥三十三視角_英文.md,src/content/docs/en/drug_concept/朱進忠臨床用藥三十三視角_英文.md,/drug_concept/08-朱進忠臨床用藥三十三視角/,/en/drug_concept/08-朱進忠臨床用藥三十三視角/
materia-medica-010,materia-medica,28,28 藥量辨證與經方劑量設計,28 Dose-Based Pattern Differentiation and Dosage Design in Classical Formulas,src/content/docs/drug_concept/10-藥量辨證與經方劑量設計.md,src/content/docs/drug_concept/藥量辨證與經方劑量設計.md,src/content/docs/en/drug_concept/10-藥量辨證與經方劑量設計_英文.md,src/content/docs/en/drug_concept/藥量辨證與經方劑量設計_英文.md,/drug_concept/10-藥量辨證與經方劑量設計/,/en/drug_concept/10-藥量辨證與經方劑量設計/
materia-medica-011,materia-medica,29,29 比例辨證與方中作用層位,29 Proportional Pattern Differentiation and Functional Layers within a Formula,src/content/docs/drug_concept/11-比例辨證與方中作用層位.md,src/content/docs/drug_concept/比例辨證與方中作用層位.md,src/content/docs/en/drug_concept/11-比例辨證與方中作用層位_英文.md,src/content/docs/en/drug_concept/比例辨證與方中作用層位_英文.md,/drug_concept/11-比例辨證與方中作用層位/,/en/drug_concept/11-比例辨證與方中作用層位/
materia-medica-030,materia-medica,30,30 醫家取舍與經典自洽判準,30 Choosing among Physicians and the Criterion of Classical Self-Consistency,src/content/docs/drug_concept/30-醫家取舍與經典自洽判準.md,src/content/docs/drug_concept/醫家取舍與經典自洽判準.md,src/content/docs/en/drug_concept/30-醫家取舍與經典自洽判準_英文.md,src/content/docs/en/drug_concept/醫家取舍與經典自洽判準_英文.md,/drug_concept/30-醫家取舍與經典自洽判準/,/en/drug_concept/30-醫家取舍與經典自洽判準/
acupuncture-001,acupuncture,01,01 穴位也許不是「點」：《針灸甲乙經》裡隱藏的相位控制圖,01 Acupoints May Not Be 'Points': A Hidden Phase-Control Map in the Zhenjiu Jiayi Jing,src/content/docs/acupuncture_concept/01-穴位也許不是點-針灸甲乙經裡隱藏的相位控制圖.md,src/content/docs/acupuncture_concept/穴位也許不是點-針灸甲乙經裡隱藏的相位控制圖.md,src/content/docs/en/acupuncture_concept/01-穴位也許不是點-針灸甲乙經裡隱藏的相位控制圖_英文.md,src/content/docs/en/acupuncture_concept/穴位也許不是點-針灸甲乙經裡隱藏的相位控制圖_英文.md,/acupuncture_concept/01-穴位也許不是點-針灸甲乙經裡隱藏的相位控制圖/,/en/acupuncture_concept/01-穴位也許不是點-針灸甲乙經裡隱藏的相位控制圖/
acupuncture-002,acupuncture,02,02 三條幾何語法，為什麼能回溯近九成《甲乙經》穴位主治？,02 Why Can Three Geometric Rules Recover Nearly 90% of Jiayi Jing Acupoint Indications?,src/content/docs/acupuncture_concept/02-三條幾何語法-為什麼能回溯近九成甲乙經穴位主治.md,src/content/docs/acupuncture_concept/三條幾何語法-為什麼能回溯近九成甲乙經穴位主治.md,src/content/docs/en/acupuncture_concept/02-三條幾何語法-為什麼能回溯近九成甲乙經穴位主治_英文.md,src/content/docs/en/acupuncture_concept/三條幾何語法-為什麼能回溯近九成甲乙經穴位主治_英文.md,/acupuncture_concept/02-三條幾何語法-為什麼能回溯近九成甲乙經穴位主治/,/en/acupuncture_concept/02-三條幾何語法-為什麼能回溯近九成甲乙經穴位主治/
acupuncture-003,acupuncture,03,03 一個腳上的穴，為什麼會治頭與咽喉？遠端取穴的幾何答案,03 Why Can a Point on the Foot Treat the Head and Throat? A Geometric Answer to Distal Point Selection,src/content/docs/acupuncture_concept/03-一個腳上的穴-為什麼會治頭與咽喉-遠端取穴的幾何答案.md,src/content/docs/acupuncture_concept/一個腳上的穴-為什麼會治頭與咽喉-遠端取穴的幾何答案.md,src/content/docs/en/acupuncture_concept/03-一個腳上的穴-為什麼會治頭與咽喉-遠端取穴的幾何答案_英文.md,src/content/docs/en/acupuncture_concept/一個腳上的穴-為什麼會治頭與咽喉-遠端取穴的幾何答案_英文.md,/acupuncture_concept/03-一個腳上的穴-為什麼會治頭與咽喉-遠端取穴的幾何答案/,/en/acupuncture_concept/03-一個腳上的穴-為什麼會治頭與咽喉-遠端取穴的幾何答案/
acupuncture-004,acupuncture,04,04 井、滎、輸、經、合不是五個古老名詞：它們可能是一套邊界控制棧,"04 Jing-Well, Ying-Spring, Shu-Stream, Jing-River, and He-Sea May Be a Boundary Control Stack",src/content/docs/acupuncture_concept/04-井滎輸經合不是五個古老名詞-它們可能是一套邊界控制棧.md,src/content/docs/acupuncture_concept/井滎輸經合不是五個古老名詞-它們可能是一套邊界控制棧.md,src/content/docs/en/acupuncture_concept/04-井滎輸經合不是五個古老名詞-它們可能是一套邊界控制棧_英文.md,src/content/docs/en/acupuncture_concept/井滎輸經合不是五個古老名詞-它們可能是一套邊界控制棧_英文.md,/acupuncture_concept/04-井滎輸經合不是五個古老名詞-它們可能是一套邊界控制棧/,/en/acupuncture_concept/04-井滎輸經合不是五個古老名詞-它們可能是一套邊界控制棧/
acupuncture-005,acupuncture,05,05 六氣真的寫在經絡相位上嗎？風、寒、濕、火窗口與一個意外的漏洞,"05 Are the Six Qi Really Written into Channel Phase? Wind, Cold, Dampness, Fire Windows—and an Unexpected Gap",src/content/docs/acupuncture_concept/05-六氣真的寫在經絡相位上嗎-風寒濕火窗口與一個意外漏洞.md,src/content/docs/acupuncture_concept/六氣真的寫在經絡相位上嗎-風寒濕火窗口與一個意外漏洞.md,src/content/docs/en/acupuncture_concept/05-六氣真的寫在經絡相位上嗎-風寒濕火窗口與一個意外漏洞_英文.md,src/content/docs/en/acupuncture_concept/六氣真的寫在經絡相位上嗎-風寒濕火窗口與一個意外漏洞_英文.md,/acupuncture_concept/05-六氣真的寫在經絡相位上嗎-風寒濕火窗口與一個意外漏洞/,/en/acupuncture_concept/05-六氣真的寫在經絡相位上嗎-風寒濕火窗口與一個意外漏洞/
acupuncture-006,acupuncture,06,06 風池為什麼叫「風池」？古人穴名可能不是詩意，而是壓縮碼,06 Why Is Fengchi Called 'Wind Pool'? Acupoint Names May Be Compressed Codes Rather Than Poetry,src/content/docs/acupuncture_concept/06-風池為什麼叫風池-古人穴名可能不是詩意而是壓縮碼.md,src/content/docs/acupuncture_concept/風池為什麼叫風池-古人穴名可能不是詩意而是壓縮碼.md,src/content/docs/en/acupuncture_concept/06-風池為什麼叫風池-古人穴名可能不是詩意而是壓縮碼_英文.md,src/content/docs/en/acupuncture_concept/風池為什麼叫風池-古人穴名可能不是詩意而是壓縮碼_英文.md,/acupuncture_concept/06-風池為什麼叫風池-古人穴名可能不是詩意而是壓縮碼/,/en/acupuncture_concept/06-風池為什麼叫風池-古人穴名可能不是詩意而是壓縮碼/
bianque-mirror-001,bianque-mirror,01,01 氣真的可以被測量嗎？《扁鵲鏡經》的第一把鑰匙,01 Can Qi Really Be Measured? The First Key to the Mirror Classic of Bian Que,src/content/docs/Mirror_Classic _of_Bian_Que/01-氣真的可以被測量嗎-扁鵲鏡經的第一把鑰匙.md,src/content/docs/Mirror_Classic _of_Bian_Que/氣真的可以被測量嗎-扁鵲鏡經的第一把鑰匙.md,src/content/docs/en/Mirror_Classic _of_Bian_Que/01-氣真的可以被測量嗎-扁鵲鏡經的第一把鑰匙_英文.md,src/content/docs/en/Mirror_Classic _of_Bian_Que/氣真的可以被測量嗎-扁鵲鏡經的第一把鑰匙_英文.md,/mirror_classic-_of_bian_que/01-氣真的可以被測量嗎-扁鵲鏡經的第一把鑰匙/,/en/mirror_classic-_of_bian_que/01-氣真的可以被測量嗎-扁鵲鏡經的第一把鑰匙/
bianque-mirror-002,bianque-mirror,02,02 一呼一吸之間：什麼叫「平人一息」？,02 Between One Exhalation and One Inhalation: What Is One Baseline Breath?,src/content/docs/Mirror_Classic _of_Bian_Que/02-一呼一吸之間-什麼叫平人一息.md,src/content/docs/Mirror_Classic _of_Bian_Que/一呼一吸之間-什麼叫平人一息.md,src/content/docs/en/Mirror_Classic _of_Bian_Que/02-一呼一吸之間-什麼叫平人一息_英文.md,src/content/docs/en/Mirror_Classic _of_Bian_Que/一呼一吸之間-什麼叫平人一息_英文.md,/mirror_classic-_of_bian_que/02-一呼一吸之間-什麼叫平人一息/,/en/mirror_classic-_of_bian_que/02-一呼一吸之間-什麼叫平人一息/
bianque-mirror-003,bianque-mirror,03,03 一息脈五動、氣行六寸：古人怎樣把氣化變成數字？,"03 Five Pulse Movements in One Breath, Qi Traveling Six Cun: Turning Qi Transformation into Numbers",src/content/docs/Mirror_Classic _of_Bian_Que/03-一息脈五動氣行六寸-古人怎樣把氣化變成數字.md,src/content/docs/Mirror_Classic _of_Bian_Que/一息脈五動氣行六寸-古人怎樣把氣化變成數字.md,src/content/docs/en/Mirror_Classic _of_Bian_Que/03-一息脈五動氣行六寸-古人怎樣把氣化變成數字_英文.md,src/content/docs/en/Mirror_Classic _of_Bian_Que/一息脈五動氣行六寸-古人怎樣把氣化變成數字_英文.md,/mirror_classic-_of_bian_que/03-一息脈五動氣行六寸-古人怎樣把氣化變成數字/,/en/mirror_classic-_of_bian_que/03-一息脈五動氣行六寸-古人怎樣把氣化變成數字/
bianque-mirror-004,bianque-mirror,04,04 「寸」不是公分：骨度如何成為人體自己的尺？,04 A Cun Is Not a Centimeter: Bone Measure as the Body’s Own Ruler,src/content/docs/Mirror_Classic _of_Bian_Que/04-寸不是公分-骨度如何成為人體自己的尺.md,src/content/docs/Mirror_Classic _of_Bian_Que/寸不是公分-骨度如何成為人體自己的尺.md,src/content/docs/en/Mirror_Classic _of_Bian_Que/04-寸不是公分-骨度如何成為人體自己的尺_英文.md,src/content/docs/en/Mirror_Classic _of_Bian_Que/寸不是公分-骨度如何成為人體自己的尺_英文.md,/mirror_classic-_of_bian_que/04-寸不是公分-骨度如何成為人體自己的尺/,/en/mirror_classic-_of_bian_que/04-寸不是公分-骨度如何成為人體自己的尺/
bianque-mirror-005,bianque-mirror,05,05 從六寸到二十二丈三尺六寸：氣如何走完人體一周？,"05 From Six Cun to Twenty-Two Zhang, Three Chi, Six Cun: How Qi Completes One Circuit",src/content/docs/Mirror_Classic _of_Bian_Que/05-從六寸到二十二丈三尺六寸-氣如何走完人體一周.md,src/content/docs/Mirror_Classic _of_Bian_Que/從六寸到二十二丈三尺六寸-氣如何走完人體一周.md,src/content/docs/en/Mirror_Classic _of_Bian_Que/05-從六寸到二十二丈三尺六寸-氣如何走完人體一周_英文.md,src/content/docs/en/Mirror_Classic _of_Bian_Que/從六寸到二十二丈三尺六寸-氣如何走完人體一周_英文.md,/mirror_classic-_of_bian_que/05-從六寸到二十二丈三尺六寸-氣如何走完人體一周/,/en/mirror_classic-_of_bian_que/05-從六寸到二十二丈三尺六寸-氣如何走完人體一周/
bianque-mirror-006,bianque-mirror,06,06 人體為什麼要和一天對時？十二辰、百刻與五十營,"06 Why Must the Body Keep Time with the Day? Twelve Double-Hours, One Hundred Ke, and Fifty Ying Circuits",src/content/docs/Mirror_Classic _of_Bian_Que/06-人體為什麼要和一天對時-十二辰百刻與五十營.md,src/content/docs/Mirror_Classic _of_Bian_Que/人體為什麼要和一天對時-十二辰百刻與五十營.md,src/content/docs/en/Mirror_Classic _of_Bian_Que/06-人體為什麼要和一天對時-十二辰百刻與五十營_英文.md,src/content/docs/en/Mirror_Classic _of_Bian_Que/人體為什麼要和一天對時-十二辰百刻與五十營_英文.md,/mirror_classic-_of_bian_que/06-人體為什麼要和一天對時-十二辰百刻與五十營/,/en/mirror_classic-_of_bian_que/06-人體為什麼要和一天對時-十二辰百刻與五十營/
bianque-mirror-007,bianque-mirror,07,07 脈為什麼有快慢長短？一動一寸五分的意義,"07 Why Can the Pulse Be Fast or Slow, Long or Short? The Meaning of One Cun Five Fen per Movement",src/content/docs/Mirror_Classic _of_Bian_Que/07-脈為什麼有快慢長短-一動一寸五分的意義.md,src/content/docs/Mirror_Classic _of_Bian_Que/脈為什麼有快慢長短-一動一寸五分的意義.md,src/content/docs/en/Mirror_Classic _of_Bian_Que/07-脈為什麼有快慢長短-一動一寸五分的意義_英文.md,src/content/docs/en/Mirror_Classic _of_Bian_Que/脈為什麼有快慢長短-一動一寸五分的意義_英文.md,/mirror_classic-_of_bian_que/07-脈為什麼有快慢長短-一動一寸五分的意義/,/en/mirror_classic-_of_bian_que/07-脈為什麼有快慢長短-一動一寸五分的意義/
bianque-mirror-008,bianque-mirror,08,08 音、息、脈其實是同一件事的不同投影,"08 Tone, Breath, and Pulse Are Different Projections of the Same Process",src/content/docs/Mirror_Classic _of_Bian_Que/08-音息脈其實是同一件事的不同投影.md,src/content/docs/Mirror_Classic _of_Bian_Que/音息脈其實是同一件事的不同投影.md,src/content/docs/en/Mirror_Classic _of_Bian_Que/08-音息脈其實是同一件事的不同投影_英文.md,src/content/docs/en/Mirror_Classic _of_Bian_Que/音息脈其實是同一件事的不同投影_英文.md,/mirror_classic-_of_bian_que/08-音息脈其實是同一件事的不同投影/,/en/mirror_classic-_of_bian_que/08-音息脈其實是同一件事的不同投影/
bianque-mirror-009,bianque-mirror,09,09 人為什麼有自己的「稟音」？,09 Why Does Each Person Have an Inherited Tone?,src/content/docs/Mirror_Classic _of_Bian_Que/09-人為什麼有自己的稟音.md,src/content/docs/Mirror_Classic _of_Bian_Que/人為什麼有自己的稟音.md,src/content/docs/en/Mirror_Classic _of_Bian_Que/09-人為什麼有自己的稟音_英文.md,src/content/docs/en/Mirror_Classic _of_Bian_Que/人為什麼有自己的稟音_英文.md,/mirror_classic-_of_bian_que/09-人為什麼有自己的稟音/,/en/mirror_classic-_of_bian_que/09-人為什麼有自己的稟音/
bianque-mirror-010,bianque-mirror,10,10 甬、宮、商、角、徵、羽、穌：人體聲音的七層尺度,"10 Yong, Gong, Shang, Jue, Zhi, Yu, and Su: Seven Scales of Human Tone",src/content/docs/Mirror_Classic _of_Bian_Que/10-甬宮商角徵羽穌-人體聲音的七層尺度.md,src/content/docs/Mirror_Classic _of_Bian_Que/甬宮商角徵羽穌-人體聲音的七層尺度.md,src/content/docs/en/Mirror_Classic _of_Bian_Que/10-甬宮商角徵羽穌-人體聲音的七層尺度_英文.md,src/content/docs/en/Mirror_Classic _of_Bian_Que/甬宮商角徵羽穌-人體聲音的七層尺度_英文.md,/mirror_classic-_of_bian_que/10-甬宮商角徵羽穌-人體聲音的七層尺度/,/en/mirror_classic-_of_bian_que/10-甬宮商角徵羽穌-人體聲音的七層尺度/
bianque-mirror-011,bianque-mirror,11,11 一音十分：正、少、眾、開、判、質、虞、加、太、上,"11 Ten Degrees of One Tone: Zheng, Shao, Zhong, Kai, Pan, Zhi, Yu, Jia, Tai, Shang",src/content/docs/Mirror_Classic _of_Bian_Que/11-一音十分-正少眾開判質虞加太上.md,src/content/docs/Mirror_Classic _of_Bian_Que/一音十分-正少眾開判質虞加太上.md,src/content/docs/en/Mirror_Classic _of_Bian_Que/11-一音十分-正少眾開判質虞加太上_英文.md,src/content/docs/en/Mirror_Classic _of_Bian_Que/一音十分-正少眾開判質虞加太上_英文.md,/mirror_classic-_of_bian_que/11-一音十分-正少眾開判質虞加太上/,/en/mirror_classic-_of_bian_que/11-一音十分-正少眾開判質虞加太上/
bianque-mirror-012,bianque-mirror,12,12 古人的音高不是高低而已：十分度究竟在量什麼？,12 Ancient ‘Pitch’ Was More Than High and Low: What Do the Ten Degrees Measure?,src/content/docs/Mirror_Classic _of_Bian_Que/12-古人的音高不是高低而已-十分度在量什麼.md,src/content/docs/Mirror_Classic _of_Bian_Que/古人的音高不是高低而已-十分度在量什麼.md,src/content/docs/en/Mirror_Classic _of_Bian_Que/12-古人的音高不是高低而已-十分度在量什麼_英文.md,src/content/docs/en/Mirror_Classic _of_Bian_Que/古人的音高不是高低而已-十分度在量什麼_英文.md,/mirror_classic-_of_bian_que/12-古人的音高不是高低而已-十分度在量什麼/,/en/mirror_classic-_of_bian_que/12-古人的音高不是高低而已-十分度在量什麼/
bianque-mirror-013,bianque-mirror,13,13 安、孚、躬、彁、執、淩、解、變、隨、盉從哪裡來？,"13 Where Do An, Fu, Gong, Ge, Zhi, Ling, Jie, Bian, Sui, and He Come From?",src/content/docs/Mirror_Classic _of_Bian_Que/13-安孚躬彁執淩解變隨盉從哪裡來.md,src/content/docs/Mirror_Classic _of_Bian_Que/安孚躬彁執淩解變隨盉從哪裡來.md,src/content/docs/en/Mirror_Classic _of_Bian_Que/13-安孚躬彁執淩解變隨盉從哪裡來_英文.md,src/content/docs/en/Mirror_Classic _of_Bian_Que/安孚躬彁執淩解變隨盉從哪裡來_英文.md,/mirror_classic-_of_bian_que/13-安孚躬彁執淩解變隨盉從哪裡來/,/en/mirror_classic-_of_bian_que/13-安孚躬彁執淩解變隨盉從哪裡來/
bianque-mirror-014,bianque-mirror,14,14 為什麼同一個「安」還要分左右？,14 Why Must the Same ‘An’ Still Be Distinguished by Left and Right?,src/content/docs/Mirror_Classic _of_Bian_Que/14-為什麼同一個安還要分左右.md,src/content/docs/Mirror_Classic _of_Bian_Que/為什麼同一個安還要分左右.md,src/content/docs/en/Mirror_Classic _of_Bian_Que/14-為什麼同一個安還要分左右_英文.md,src/content/docs/en/Mirror_Classic _of_Bian_Que/為什麼同一個安還要分左右_英文.md,/mirror_classic-_of_bian_que/14-為什麼同一個安還要分左右/,/en/mirror_classic-_of_bian_que/14-為什麼同一個安還要分左右/
bianque-mirror-015,bianque-mirror,15,15 從十音到兩千一百音：為什麼《鏡經》需要這麼大的狀態空間？,15 From Ten Tones to Two Thousand One Hundred: Why Does the Mirror Classic Need Such a Large State Space?,src/content/docs/Mirror_Classic _of_Bian_Que/15-從十音到兩千一百音-為什麼需要這麼大的狀態空間.md,src/content/docs/Mirror_Classic _of_Bian_Que/從十音到兩千一百音-為什麼需要這麼大的狀態空間.md,src/content/docs/en/Mirror_Classic _of_Bian_Que/15-從十音到兩千一百音-為什麼需要這麼大的狀態空間_英文.md,src/content/docs/en/Mirror_Classic _of_Bian_Que/從十音到兩千一百音-為什麼需要這麼大的狀態空間_英文.md,/mirror_classic-_of_bian_que/15-從十音到兩千一百音-為什麼需要這麼大的狀態空間/,/en/mirror_classic-_of_bian_que/15-從十音到兩千一百音-為什麼需要這麼大的狀態空間/
bianque-mirror-016,bianque-mirror,16,16 六十首到底是什麼？它不是六十首音樂,16 What Exactly Are the Sixty Shou? They Are Not Sixty Pieces of Music,src/content/docs/Mirror_Classic _of_Bian_Que/16-六十首到底是什麼-它不是六十首音樂.md,src/content/docs/Mirror_Classic _of_Bian_Que/六十首到底是什麼-它不是六十首音樂.md,src/content/docs/en/Mirror_Classic _of_Bian_Que/16-六十首到底是什麼-它不是六十首音樂_英文.md,src/content/docs/en/Mirror_Classic _of_Bian_Que/六十首到底是什麼-它不是六十首音樂_英文.md,/mirror_classic-_of_bian_que/16-六十首到底是什麼-它不是六十首音樂/,/en/mirror_classic-_of_bian_que/16-六十首到底是什麼-它不是六十首音樂/
bianque-mirror-017,bianque-mirror,17,17 十二律為什麼會進入人體？六經與十二律的配對,17 Why Do the Twelve Lü Enter the Human Body? Pairing the Six Channels with the Twelve Lü,src/content/docs/Mirror_Classic _of_Bian_Que/17-十二律為什麼會進入人體-六經與十二律的配對.md,src/content/docs/Mirror_Classic _of_Bian_Que/十二律為什麼會進入人體-六經與十二律的配對.md,src/content/docs/en/Mirror_Classic _of_Bian_Que/17-十二律為什麼會進入人體-六經與十二律的配對_英文.md,src/content/docs/en/Mirror_Classic _of_Bian_Que/十二律為什麼會進入人體-六經與十二律的配對_英文.md,/mirror_classic-_of_bian_que/17-十二律為什麼會進入人體-六經與十二律的配對/,/en/mirror_classic-_of_bian_que/17-十二律為什麼會進入人體-六經與十二律的配對/
bianque-mirror-018,bianque-mirror,18,18 六經不是六條線：經緯、樞持與四維,"18 The Six Channels Are Not Six Lines: Warp and Weft, Pivot and Sustaining, and the Four Dimensions",src/content/docs/Mirror_Classic _of_Bian_Que/18-六經不是六條線-經緯樞持與四維.md,src/content/docs/Mirror_Classic _of_Bian_Que/六經不是六條線-經緯樞持與四維.md,src/content/docs/en/Mirror_Classic _of_Bian_Que/18-六經不是六條線-經緯樞持與四維_英文.md,src/content/docs/en/Mirror_Classic _of_Bian_Que/六經不是六條線-經緯樞持與四維_英文.md,/mirror_classic-_of_bian_que/18-六經不是六條線-經緯樞持與四維/,/en/mirror_classic-_of_bian_que/18-六經不是六條線-經緯樞持與四維/
bianque-mirror-019,bianque-mirror,19,19 十二律如何變成七十二舍？,19 How Do the Twelve Lü Become the Seventy-Two She?,src/content/docs/Mirror_Classic _of_Bian_Que/19-十二律如何變成七十二舍.md,src/content/docs/Mirror_Classic _of_Bian_Que/十二律如何變成七十二舍.md,src/content/docs/en/Mirror_Classic _of_Bian_Que/19-十二律如何變成七十二舍_英文.md,src/content/docs/en/Mirror_Classic _of_Bian_Que/十二律如何變成七十二舍_英文.md,/mirror_classic-_of_bian_que/19-十二律如何變成七十二舍/,/en/mirror_classic-_of_bian_que/19-十二律如何變成七十二舍/
bianque-mirror-020,bianque-mirror,20,20 順六十首與逆六十首：氣化不是靜態表格，而是一條路徑,"20 Forward and Reverse Sixty Shou: Qi Transformation Is a Path, Not a Static Table",src/content/docs/Mirror_Classic _of_Bian_Que/20-順六十首與逆六十首-氣化不是靜態表格.md,src/content/docs/Mirror_Classic _of_Bian_Que/順六十首與逆六十首-氣化不是靜態表格.md,src/content/docs/en/Mirror_Classic _of_Bian_Que/20-順六十首與逆六十首-氣化不是靜態表格_英文.md,src/content/docs/en/Mirror_Classic _of_Bian_Que/順六十首與逆六十首-氣化不是靜態表格_英文.md,/mirror_classic-_of_bian_que/20-順六十首與逆六十首-氣化不是靜態表格/,/en/mirror_classic-_of_bian_que/20-順六十首與逆六十首-氣化不是靜態表格/
bianque-mirror-021,bianque-mirror,21,21 「首」到底是什麼？為什麼診斷一定要先立首？,21 What Is Shou? Why Must Diagnosis First Establish a Starting State?,src/content/docs/Mirror_Classic _of_Bian_Que/21-首到底是什麼-為什麼診斷一定要先立首.md,src/content/docs/Mirror_Classic _of_Bian_Que/首到底是什麼-為什麼診斷一定要先立首.md,src/content/docs/en/Mirror_Classic _of_Bian_Que/21-首到底是什麼-為什麼診斷一定要先立首_英文.md,src/content/docs/en/Mirror_Classic _of_Bian_Que/首到底是什麼-為什麼診斷一定要先立首_英文.md,/mirror_classic-_of_bian_que/21-首到底是什麼-為什麼診斷一定要先立首/,/en/mirror_classic-_of_bian_que/21-首到底是什麼-為什麼診斷一定要先立首/
bianque-mirror-022,bianque-mirror,22,22 首與舍：從一個狀態碼推出氣往哪裡走,22 Shou and She: From a State Code to Where Qi Goes,src/content/docs/Mirror_Classic _of_Bian_Que/22-首與舍-從一個狀態碼推出氣往哪裡走.md,src/content/docs/Mirror_Classic _of_Bian_Que/首與舍-從一個狀態碼推出氣往哪裡走.md,src/content/docs/en/Mirror_Classic _of_Bian_Que/22-首與舍-從一個狀態碼推出氣往哪裡走_英文.md,src/content/docs/en/Mirror_Classic _of_Bian_Que/首與舍-從一個狀態碼推出氣往哪裡走_英文.md,/mirror_classic-_of_bian_que/22-首與舍-從一個狀態碼推出氣往哪裡走/,/en/mirror_classic-_of_bian_que/22-首與舍-從一個狀態碼推出氣往哪裡走/
bianque-mirror-023,bianque-mirror,23,23 走路為什麼是右手配左腳？《鏡經》的交叉經絡觀,23 Why Does the Right Hand Pair with the Left Foot in Walking? The Mirror Classic’s Cross-Channel View,src/content/docs/Mirror_Classic _of_Bian_Que/23-走路為什麼是右手配左腳-鏡經的交叉經絡觀.md,src/content/docs/Mirror_Classic _of_Bian_Que/走路為什麼是右手配左腳-鏡經的交叉經絡觀.md,src/content/docs/en/Mirror_Classic _of_Bian_Que/23-走路為什麼是右手配左腳-鏡經的交叉經絡觀_英文.md,src/content/docs/en/Mirror_Classic _of_Bian_Que/走路為什麼是右手配左腳-鏡經的交叉經絡觀_英文.md,/mirror_classic-_of_bian_que/23-走路為什麼是右手配左腳-鏡經的交叉經絡觀/,/en/mirror_classic-_of_bian_que/23-走路為什麼是右手配左腳-鏡經的交叉經絡觀/
bianque-mirror-024,bianque-mirror,24,24 溪、谷、節、舍：氣到底在哪裡交換？,"24 Streams, Valleys, Joints, and She: Where Does Qi Actually Meet?",src/content/docs/Mirror_Classic _of_Bian_Que/24-溪谷節舍-氣到底在哪裡交換.md,src/content/docs/Mirror_Classic _of_Bian_Que/溪谷節舍-氣到底在哪裡交換.md,src/content/docs/en/Mirror_Classic _of_Bian_Que/24-溪谷節舍-氣到底在哪裡交換_英文.md,src/content/docs/en/Mirror_Classic _of_Bian_Que/溪谷節舍-氣到底在哪裡交換_英文.md,/mirror_classic-_of_bian_que/24-溪谷節舍-氣到底在哪裡交換/,/en/mirror_classic-_of_bian_que/24-溪谷節舍-氣到底在哪裡交換/
bianque-mirror-025,bianque-mirror,25,25 謙、歸、藏、生、動、長、育、止、壴：九氣是一條生命循環,"25 Qian, Gui, Cang, Sheng, Dong, Zhang, Yu, Zhi, Zhuang: The Nine Qi as a Life Cycle",src/content/docs/Mirror_Classic _of_Bian_Que/25-謙歸藏生動長育止壴-九氣是一條生命循環.md,src/content/docs/Mirror_Classic _of_Bian_Que/謙歸藏生動長育止壴-九氣是一條生命循環.md,src/content/docs/en/Mirror_Classic _of_Bian_Que/25-謙歸藏生動長育止壴-九氣是一條生命循環_英文.md,src/content/docs/en/Mirror_Classic _of_Bian_Que/謙歸藏生動長育止壴-九氣是一條生命循環_英文.md,/mirror_classic-_of_bian_que/25-謙歸藏生動長育止壴-九氣是一條生命循環/,/en/mirror_classic-_of_bian_que/25-謙歸藏生動長育止壴-九氣是一條生命循環/
bianque-mirror-026,bianque-mirror,26,26 專、勝、兼、並、通、和：氣與氣相遇的六種基本關係,"26 Zhuan, Sheng, Jian, Bing, Tong, He: Six Basic Relations When Qi Meets Qi",src/content/docs/Mirror_Classic _of_Bian_Que/26-專勝兼並通和-氣與氣相遇的六種基本關係.md,src/content/docs/Mirror_Classic _of_Bian_Que/專勝兼並通和-氣與氣相遇的六種基本關係.md,src/content/docs/en/Mirror_Classic _of_Bian_Que/26-專勝兼並通和-氣與氣相遇的六種基本關係_英文.md,src/content/docs/en/Mirror_Classic _of_Bian_Que/專勝兼並通和-氣與氣相遇的六種基本關係_英文.md,/mirror_classic-_of_bian_que/26-專勝兼並通和-氣與氣相遇的六種基本關係/,/en/mirror_classic-_of_bian_que/26-專勝兼並通和-氣與氣相遇的六種基本關係/
bianque-mirror-027,bianque-mirror,27,27 一個人同時有三層音：稟受、由行與差移,"27 One Person Has Three Layers of Tone: Endowment, Current Movement, and Shift",src/content/docs/Mirror_Classic _of_Bian_Que/27-一個人同時有三層音-稟受由行與差移.md,src/content/docs/Mirror_Classic _of_Bian_Que/一個人同時有三層音-稟受由行與差移.md,src/content/docs/en/Mirror_Classic _of_Bian_Que/27-一個人同時有三層音-稟受由行與差移_英文.md,src/content/docs/en/Mirror_Classic _of_Bian_Que/一個人同時有三層音-稟受由行與差移_英文.md,/mirror_classic-_of_bian_que/27-一個人同時有三層音-稟受由行與差移/,/en/mirror_classic-_of_bian_que/27-一個人同時有三層音-稟受由行與差移/
bianque-mirror-028,bianque-mirror,28,28 八舍真正記錄的是什麼？十二經如何跨手足配對,28 What Does the Eight-She Table Really Record? How the Twelve Channels Pair Across Hand and Foot,src/content/docs/Mirror_Classic _of_Bian_Que/28-八舍真正記錄的是什麼-十二經如何跨手足配對.md,src/content/docs/Mirror_Classic _of_Bian_Que/八舍真正記錄的是什麼-十二經如何跨手足配對.md,src/content/docs/en/Mirror_Classic _of_Bian_Que/28-八舍真正記錄的是什麼-十二經如何跨手足配對_英文.md,src/content/docs/en/Mirror_Classic _of_Bian_Que/八舍真正記錄的是什麼-十二經如何跨手足配對_英文.md,/mirror_classic-_of_bian_que/28-八舍真正記錄的是什麼-十二經如何跨手足配對/,/en/mirror_classic-_of_bian_que/28-八舍真正記錄的是什麼-十二經如何跨手足配對/
bianque-mirror-029,bianque-mirror,29,29 七十二舍與七十三舍：位置與運動只差一個數字,29 Seventy-Two She and Seventy-Three She: State and Movement Differ by One Number,src/content/docs/Mirror_Classic _of_Bian_Que/29-七十二舍與七十三舍-位置與運動只差一個數字.md,src/content/docs/Mirror_Classic _of_Bian_Que/七十二舍與七十三舍-位置與運動只差一個數字.md,src/content/docs/en/Mirror_Classic _of_Bian_Que/29-七十二舍與七十三舍-位置與運動只差一個數字_英文.md,src/content/docs/en/Mirror_Classic _of_Bian_Que/七十二舍與七十三舍-位置與運動只差一個數字_英文.md,/mirror_classic-_of_bian_que/29-七十二舍與七十三舍-位置與運動只差一個數字/,/en/mirror_classic-_of_bian_que/29-七十二舍與七十三舍-位置與運動只差一個數字/
bianque-mirror-030,bianque-mirror,30,30 從「謙歸黃鐘」看完整氣化鏈：三焦、募原與沖任督蹺,"30 A Complete Qi-Transformation Chain through Qian-Gui-Huangzhong: Sanjiao, Moyuan, Chong, Ren, Du, and Qiao",src/content/docs/Mirror_Classic _of_Bian_Que/30-從謙歸黃鐘看完整氣化鏈-三焦募原與沖任督蹺.md,src/content/docs/Mirror_Classic _of_Bian_Que/從謙歸黃鐘看完整氣化鏈-三焦募原與沖任督蹺.md,src/content/docs/en/Mirror_Classic _of_Bian_Que/30-從謙歸黃鐘看完整氣化鏈-三焦募原與沖任督蹺_英文.md,src/content/docs/en/Mirror_Classic _of_Bian_Que/從謙歸黃鐘看完整氣化鏈-三焦募原與沖任督蹺_英文.md,/mirror_classic-_of_bian_que/30-從謙歸黃鐘看完整氣化鏈-三焦募原與沖任督蹺/,/en/mirror_classic-_of_bian_que/30-從謙歸黃鐘看完整氣化鏈-三焦募原與沖任督蹺/
bianque-mirror-031,bianque-mirror,31,31 什麼叫「通天」？人不是封閉系統,31 What Does “Connecting with Heaven” Mean? The Human Being Is Not a Closed System,src/content/docs/Mirror_Classic _of_Bian_Que/31-什麼叫通天-人不是封閉系統.md,src/content/docs/Mirror_Classic _of_Bian_Que/什麼叫通天-人不是封閉系統.md,src/content/docs/en/Mirror_Classic _of_Bian_Que/31-什麼叫通天-人不是封閉系統_英文.md,src/content/docs/en/Mirror_Classic _of_Bian_Que/什麼叫通天-人不是封閉系統_英文.md,/mirror_classic-_of_bian_que/31-什麼叫通天-人不是封閉系統/,/en/mirror_classic-_of_bian_que/31-什麼叫通天-人不是封閉系統/
bianque-mirror-032,bianque-mirror,32,32 天有六氣、地有六味、人有情志：三種輸入如何進入同一系統,"32 Heaven Has Six Qi, Earth Has Six Tastes, Humans Have Emotions: How Three Inputs Enter One System",src/content/docs/Mirror_Classic _of_Bian_Que/32-天有六氣地有六味人有情志-三種輸入如何進入同一系統.md,src/content/docs/Mirror_Classic _of_Bian_Que/天有六氣地有六味人有情志-三種輸入如何進入同一系統.md,src/content/docs/en/Mirror_Classic _of_Bian_Que/32-天有六氣地有六味人有情志-三種輸入如何進入同一系統_英文.md,src/content/docs/en/Mirror_Classic _of_Bian_Que/天有六氣地有六味人有情志-三種輸入如何進入同一系統_英文.md,/mirror_classic-_of_bian_que/32-天有六氣地有六味人有情志-三種輸入如何進入同一系統/,/en/mirror_classic-_of_bian_que/32-天有六氣地有六味人有情志-三種輸入如何進入同一系統/
bianque-mirror-033,bianque-mirror,33,33 專、勝、兼、並、通、和：跨自然與人體的六態模型,"33 Zhuan, Sheng, Jian, Bing, Tong, He: A Six-State Model Across Nature and the Human Body",src/content/docs/Mirror_Classic _of_Bian_Que/33-專勝兼並通和-跨自然與人體的六態模型.md,src/content/docs/Mirror_Classic _of_Bian_Que/專勝兼並通和-跨自然與人體的六態模型.md,src/content/docs/en/Mirror_Classic _of_Bian_Que/33-專勝兼並通和-跨自然與人體的六態模型_英文.md,src/content/docs/en/Mirror_Classic _of_Bian_Que/專勝兼並通和-跨自然與人體的六態模型_英文.md,/mirror_classic-_of_bian_que/33-專勝兼並通和-跨自然與人體的六態模型/,/en/mirror_classic-_of_bian_que/33-專勝兼並通和-跨自然與人體的六態模型/
bianque-mirror-034,bianque-mirror,34,34 兩種味相遇會發生什麼？十五種味化組合,34 What Happens When Two Tastes Meet? Fifteen Pairwise Taste Transformations,src/content/docs/Mirror_Classic _of_Bian_Que/34-兩種味相遇會發生什麼-十五種味化組合.md,src/content/docs/Mirror_Classic _of_Bian_Que/兩種味相遇會發生什麼-十五種味化組合.md,src/content/docs/en/Mirror_Classic _of_Bian_Que/34-兩種味相遇會發生什麼-十五種味化組合_英文.md,src/content/docs/en/Mirror_Classic _of_Bian_Que/兩種味相遇會發生什麼-十五種味化組合_英文.md,/mirror_classic-_of_bian_que/34-兩種味相遇會發生什麼-十五種味化組合/,/en/mirror_classic-_of_bian_que/34-兩種味相遇會發生什麼-十五種味化組合/
bianque-mirror-035,bianque-mirror,35,35 情緒也有「合成效應」：十五種五志之化,35 Emotions Also Have “Composite Effects”: Fifteen Transformations of the Five Intentions,src/content/docs/Mirror_Classic _of_Bian_Que/35-情緒也有合成效應-十五種五志之化.md,src/content/docs/Mirror_Classic _of_Bian_Que/情緒也有合成效應-十五種五志之化.md,src/content/docs/en/Mirror_Classic _of_Bian_Que/35-情緒也有合成效應-十五種五志之化_英文.md,src/content/docs/en/Mirror_Classic _of_Bian_Que/情緒也有合成效應-十五種五志之化_英文.md,/mirror_classic-_of_bian_que/35-情緒也有合成效應-十五種五志之化/,/en/mirror_classic-_of_bian_que/35-情緒也有合成效應-十五種五志之化/
bianque-mirror-036,bianque-mirror,36,36 「精食氣，形食味」：形、氣、精如何互相轉換？,"36 “Essence Feeds on Qi, Form Feeds on Taste”: How Form, Qi, and Essence Transform into One Another",src/content/docs/Mirror_Classic _of_Bian_Que/36-精食氣形食味-形氣精如何互相轉換.md,src/content/docs/Mirror_Classic _of_Bian_Que/精食氣形食味-形氣精如何互相轉換.md,src/content/docs/en/Mirror_Classic _of_Bian_Que/36-精食氣形食味-形氣精如何互相轉換_英文.md,src/content/docs/en/Mirror_Classic _of_Bian_Que/精食氣形食味-形氣精如何互相轉換_英文.md,/mirror_classic-_of_bian_que/36-精食氣形食味-形氣精如何互相轉換/,/en/mirror_classic-_of_bian_que/36-精食氣形食味-形氣精如何互相轉換/
bianque-mirror-037,bianque-mirror,37,37 風、雷、谷、雨、川、海、天、真：九氣如何落到臟腑？,"37 Wind, Thunder, Grain, Rain, River, Sea, Heaven, True Qi: How the Nine Qi Enter Zang-Fu Networks",src/content/docs/Mirror_Classic _of_Bian_Que/37-風雷谷雨川海天真-九氣如何落到臟腑.md,src/content/docs/Mirror_Classic _of_Bian_Que/風雷谷雨川海天真-九氣如何落到臟腑.md,src/content/docs/en/Mirror_Classic _of_Bian_Que/37-風雷谷雨川海天真-九氣如何落到臟腑_英文.md,src/content/docs/en/Mirror_Classic _of_Bian_Que/風雷谷雨川海天真-九氣如何落到臟腑_英文.md,/mirror_classic-_of_bian_que/37-風雷谷雨川海天真-九氣如何落到臟腑/,/en/mirror_classic-_of_bian_que/37-風雷谷雨川海天真-九氣如何落到臟腑/
bianque-mirror-038,bianque-mirror,38,38 人體有多少個「海」？《鏡經》的全身交換網路,38 How Many “Seas” Does the Human Body Have? The Mirror Classic’s Whole-Body Exchange Network,src/content/docs/Mirror_Classic _of_Bian_Que/38-人體有多少個海-鏡經的全身交換網路.md,src/content/docs/Mirror_Classic _of_Bian_Que/人體有多少個海-鏡經的全身交換網路.md,src/content/docs/en/Mirror_Classic _of_Bian_Que/38-人體有多少個海-鏡經的全身交換網路_英文.md,src/content/docs/en/Mirror_Classic _of_Bian_Que/人體有多少個海-鏡經的全身交換網路_英文.md,/mirror_classic-_of_bian_que/38-人體有多少個海-鏡經的全身交換網路/,/en/mirror_classic-_of_bian_que/38-人體有多少個海-鏡經的全身交換網路/
bianque-mirror-039,bianque-mirror,39,39 寸關尺其實不只三格：什麼是二十七候？,"39 Cun, Guan, and Chi Are Not Just Three Boxes: What Are the Twenty-Seven Hou?",src/content/docs/Mirror_Classic _of_Bian_Que/39-寸關尺其實不只三格-什麼是二十七候.md,src/content/docs/Mirror_Classic _of_Bian_Que/寸關尺其實不只三格-什麼是二十七候.md,src/content/docs/en/Mirror_Classic _of_Bian_Que/39-寸關尺其實不只三格-什麼是二十七候_英文.md,src/content/docs/en/Mirror_Classic _of_Bian_Que/寸關尺其實不只三格-什麼是二十七候_英文.md,/mirror_classic-_of_bian_que/39-寸關尺其實不只三格-什麼是二十七候/,/en/mirror_classic-_of_bian_que/39-寸關尺其實不只三格-什麼是二十七候/
bianque-mirror-040,bianque-mirror,40,40 周差進斷、毅悅昆斂致……二十七個名字到底在標什麼？,"40 Zhou, Cha, Jin, Duan; Yi, Yue, Kun, Lian, Zhi… What Do the Twenty-Seven Names Mark?",src/content/docs/Mirror_Classic _of_Bian_Que/40-周差進斷毅悅昆斂致-二十七個名字到底在標什麼.md,src/content/docs/Mirror_Classic _of_Bian_Que/周差進斷毅悅昆斂致-二十七個名字到底在標什麼.md,src/content/docs/en/Mirror_Classic _of_Bian_Que/40-周差進斷毅悅昆斂致-二十七個名字到底在標什麼_英文.md,src/content/docs/en/Mirror_Classic _of_Bian_Que/周差進斷毅悅昆斂致-二十七個名字到底在標什麼_英文.md,/mirror_classic-_of_bian_que/40-周差進斷毅悅昆斂致-二十七個名字到底在標什麼/,/en/mirror_classic-_of_bian_que/40-周差進斷毅悅昆斂致-二十七個名字到底在標什麼/
bianque-mirror-041,bianque-mirror,41,41 怎樣讀懂一句「謙歸周，質安黃鐘」？,"41 How Do We Read “Qian-Gui-Zhou, Zhi-An-Huangzhong”? Decoding a Complete Mirror Classic State Code",src/content/docs/Mirror_Classic _of_Bian_Que/41-怎樣讀懂一句謙歸周質安黃鐘.md,src/content/docs/Mirror_Classic _of_Bian_Que/怎樣讀懂一句謙歸周質安黃鐘.md,src/content/docs/en/Mirror_Classic _of_Bian_Que/41-怎樣讀懂一句謙歸周質安黃鐘_英文.md,src/content/docs/en/Mirror_Classic _of_Bian_Que/怎樣讀懂一句謙歸周質安黃鐘_英文.md,/mirror_classic-_of_bian_que/41-怎樣讀懂一句謙歸周質安黃鐘/,/en/mirror_classic-_of_bian_que/41-怎樣讀懂一句謙歸周質安黃鐘/
bianque-mirror-042,bianque-mirror,42,42 一舍三候、一候八舍：候和舍不是同一件事,"42 One She Contains Three Hou, One Hou Relates to Eight She: Hou and She Are Not the Same Layer",src/content/docs/Mirror_Classic _of_Bian_Que/42-一舍三候一候八舍-候和舍不是同一件事.md,src/content/docs/Mirror_Classic _of_Bian_Que/一舍三候一候八舍-候和舍不是同一件事.md,src/content/docs/en/Mirror_Classic _of_Bian_Que/42-一舍三候一候八舍-候和舍不是同一件事_英文.md,src/content/docs/en/Mirror_Classic _of_Bian_Que/一舍三候一候八舍-候和舍不是同一件事_英文.md,/mirror_classic-_of_bian_que/42-一舍三候一候八舍-候和舍不是同一件事/,/en/mirror_classic-_of_bian_que/42-一舍三候一候八舍-候和舍不是同一件事/
bianque-mirror-043,bianque-mirror,43,43 五十營怎樣穿過二十七候？從單點脈診變成時間序列,43 How Do the Fifty Circulations Pass Through the Twenty-Seven Hou? From Single Pulse Point to Time Series,src/content/docs/Mirror_Classic _of_Bian_Que/43-五十營怎樣穿過二十七候-從單點脈診變成時間序列.md,src/content/docs/Mirror_Classic _of_Bian_Que/五十營怎樣穿過二十七候-從單點脈診變成時間序列.md,src/content/docs/en/Mirror_Classic _of_Bian_Que/43-五十營怎樣穿過二十七候-從單點脈診變成時間序列_英文.md,src/content/docs/en/Mirror_Classic _of_Bian_Que/五十營怎樣穿過二十七候-從單點脈診變成時間序列_英文.md,/mirror_classic-_of_bian_que/43-五十營怎樣穿過二十七候-從單點脈診變成時間序列/,/en/mirror_classic-_of_bian_que/43-五十營怎樣穿過二十七候-從單點脈診變成時間序列/
bianque-mirror-044,bianque-mirror,44,44 什麼是「奇恒」？異常必須從正常模型中定義,44 What Is Qiheng? Abnormality Must Be Defined from a Model of Normality,src/content/docs/Mirror_Classic _of_Bian_Que/44-什麼是奇恒-異常必須從正常模型中定義.md,src/content/docs/Mirror_Classic _of_Bian_Que/什麼是奇恒-異常必須從正常模型中定義.md,src/content/docs/en/Mirror_Classic _of_Bian_Que/44-什麼是奇恒-異常必須從正常模型中定義_英文.md,src/content/docs/en/Mirror_Classic _of_Bian_Que/什麼是奇恒-異常必須從正常模型中定義_英文.md,/mirror_classic-_of_bian_que/44-什麼是奇恒-異常必須從正常模型中定義/,/en/mirror_classic-_of_bian_que/44-什麼是奇恒-異常必須從正常模型中定義/
bianque-mirror-046,bianque-mirror,45,45 寸口和脈口不是一回事：三寸、九野與二十七候,"45 Cun Mouth and Pulse Mouth Are Not the Same Thing: Three Cun, Nine Fields, and Twenty-Seven Hou",src/content/docs/Mirror_Classic _of_Bian_Que/46-寸口和脈口不是一回事-三寸九野與二十七候.md,src/content/docs/Mirror_Classic _of_Bian_Que/寸口和脈口不是一回事-三寸九野與二十七候.md,src/content/docs/en/Mirror_Classic _of_Bian_Que/46-寸口和脈口不是一回事-三寸九野與二十七候_英文.md,src/content/docs/en/Mirror_Classic _of_Bian_Que/寸口和脈口不是一回事-三寸九野與二十七候_英文.md,/mirror_classic-_of_bian_que/46-寸口和脈口不是一回事-三寸九野與二十七候/,/en/mirror_classic-_of_bian_que/46-寸口和脈口不是一回事-三寸九野與二十七候/
bianque-mirror-045,bianque-mirror,46,46 氣口為什麼要量三寸？寸、關、尺是三種來源的氣,"46 Why Measure Three Cun at the Qi Mouth? Cun, Guan, and Chi Represent Three Sources of Qi",src/content/docs/Mirror_Classic _of_Bian_Que/45-氣口為什麼要量三寸-寸關尺是三種來源的氣.md,src/content/docs/Mirror_Classic _of_Bian_Que/氣口為什麼要量三寸-寸關尺是三種來源的氣.md,src/content/docs/en/Mirror_Classic _of_Bian_Que/45-氣口為什麼要量三寸-寸關尺是三種來源的氣_英文.md,src/content/docs/en/Mirror_Classic _of_Bian_Que/氣口為什麼要量三寸-寸關尺是三種來源的氣_英文.md,/mirror_classic-_of_bian_que/45-氣口為什麼要量三寸-寸關尺是三種來源的氣/,/en/mirror_classic-_of_bian_que/45-氣口為什麼要量三寸-寸關尺是三種來源的氣/
bianque-mirror-047,bianque-mirror,47,47 脈不是一條線：波湧、隴起與三分六分九分,"47 The Pulse Is Not a Line: Surging, Ridge-Rising, and Three, Six, Nine Fen",src/content/docs/Mirror_Classic _of_Bian_Que/47-脈不是一條線-波湧隴起與三六九分.md,src/content/docs/Mirror_Classic _of_Bian_Que/脈不是一條線-波湧隴起與三六九分.md,src/content/docs/en/Mirror_Classic _of_Bian_Que/47-脈不是一條線-波湧隴起與三六九分_英文.md,src/content/docs/en/Mirror_Classic _of_Bian_Que/脈不是一條線-波湧隴起與三六九分_英文.md,/mirror_classic-_of_bian_que/47-脈不是一條線-波湧隴起與三六九分/,/en/mirror_classic-_of_bian_que/47-脈不是一條線-波湧隴起與三六九分/
bianque-mirror-048,bianque-mirror,48,48 黃鐘六十分與蕤賓五十三分：怎樣從正常脈律發現偏移？,48 Huangzhong at Sixty Fen and Ruibin at Fifty-Three: How Does the Mirror Classic Detect Deviation from Pulse-Law Baselines?,src/content/docs/Mirror_Classic _of_Bian_Que/48-黃鐘六十分與蕤賓五十三分-怎樣從正常脈律發現偏移.md,src/content/docs/Mirror_Classic _of_Bian_Que/黃鐘六十分與蕤賓五十三分-怎樣從正常脈律發現偏移.md,src/content/docs/en/Mirror_Classic _of_Bian_Que/48-黃鐘六十分與蕤賓五十三分-怎樣從正常脈律發現偏移_英文.md,src/content/docs/en/Mirror_Classic _of_Bian_Que/黃鐘六十分與蕤賓五十三分-怎樣從正常脈律發現偏移_英文.md,/mirror_classic-_of_bian_que/48-黃鐘六十分與蕤賓五十三分-怎樣從正常脈律發現偏移/,/en/mirror_classic-_of_bian_que/48-黃鐘六十分與蕤賓五十三分-怎樣從正常脈律發現偏移/
bianque-mirror-049,bianque-mirror,49,49 什麼叫「揆度」？《鏡經》真正的診斷算法從這裡開始,49 What Is “Kuidu”? The Mirror Classic’s Diagnostic Algorithm Begins Here,src/content/docs/Mirror_Classic _of_Bian_Que/49-什麼叫揆度-鏡經真正的診斷算法從這裡開始.md,src/content/docs/Mirror_Classic _of_Bian_Que/什麼叫揆度-鏡經真正的診斷算法從這裡開始.md,src/content/docs/en/Mirror_Classic _of_Bian_Que/49-什麼叫揆度-鏡經真正的診斷算法從這裡開始_英文.md,src/content/docs/en/Mirror_Classic _of_Bian_Que/什麼叫揆度-鏡經真正的診斷算法從這裡開始_英文.md,/mirror_classic-_of_bian_que/49-什麼叫揆度-鏡經真正的診斷算法從這裡開始/,/en/mirror_classic-_of_bian_que/49-什麼叫揆度-鏡經真正的診斷算法從這裡開始/
bianque-mirror-050,bianque-mirror,50,50 當位與應位：疾病不是只問「在哪裡」，而是氣在哪裡失去關係,"50 Proper Position and Response Position: Disease Is Not Only “Where,” but Where Qi Loses Its Relation",src/content/docs/Mirror_Classic _of_Bian_Que/50-當位與應位-疾病是氣在哪裡失去關係.md,src/content/docs/Mirror_Classic _of_Bian_Que/當位與應位-疾病是氣在哪裡失去關係.md,src/content/docs/en/Mirror_Classic _of_Bian_Que/50-當位與應位-疾病是氣在哪裡失去關係_英文.md,src/content/docs/en/Mirror_Classic _of_Bian_Que/當位與應位-疾病是氣在哪裡失去關係_英文.md,/mirror_classic-_of_bian_que/50-當位與應位-疾病是氣在哪裡失去關係/,/en/mirror_classic-_of_bian_que/50-當位與應位-疾病是氣在哪裡失去關係/
bianque-mirror-051,bianque-mirror,51,51 五臟「穿鑿」：為什麼心可以與膽、胃、三焦、膀胱、大腸相通？,"51 “Tunneling” Among the Five Zang: Why Can the Heart Communicate with the Gallbladder, Stomach, Sanjiao, Bladder, and Large Intestine?",src/content/docs/Mirror_Classic _of_Bian_Que/51-五臟穿鑿-為什麼心可與多個腑相通.md,src/content/docs/Mirror_Classic _of_Bian_Que/五臟穿鑿-為什麼心可與多個腑相通.md,src/content/docs/en/Mirror_Classic _of_Bian_Que/51-五臟穿鑿-為什麼心可與多個腑相通_英文.md,src/content/docs/en/Mirror_Classic _of_Bian_Que/五臟穿鑿-為什麼心可與多個腑相通_英文.md,/mirror_classic-_of_bian_que/51-五臟穿鑿-為什麼心可與多個腑相通/,/en/mirror_classic-_of_bian_que/51-五臟穿鑿-為什麼心可與多個腑相通/
bianque-mirror-052,bianque-mirror,52,52 六經的深淺真的有數字：六分、五分、四分……,"52 The Depths of the Six Channels Really Have Numbers: Six Fen, Five Fen, Four Fen…",src/content/docs/Mirror_Classic _of_Bian_Que/52-六經的深淺真的有數字-六分五分四分.md,src/content/docs/Mirror_Classic _of_Bian_Que/六經的深淺真的有數字-六分五分四分.md,src/content/docs/en/Mirror_Classic _of_Bian_Que/52-六經的深淺真的有數字-六分五分四分_英文.md,src/content/docs/en/Mirror_Classic _of_Bian_Que/六經的深淺真的有數字-六分五分四分_英文.md,/mirror_classic-_of_bian_que/52-六經的深淺真的有數字-六分五分四分/,/en/mirror_classic-_of_bian_que/52-六經的深淺真的有數字-六分五分四分/
bianque-mirror-053,bianque-mirror,53,53 十二律的長度如何計算？音分度 × 舍分度,53 How Are the Lengths of the Twelve Lü Calculated? Tonal Division × She Division,src/content/docs/Mirror_Classic _of_Bian_Que/53-十二律的長度如何計算-音分度乘舍分度.md,src/content/docs/Mirror_Classic _of_Bian_Que/十二律的長度如何計算-音分度乘舍分度.md,src/content/docs/en/Mirror_Classic _of_Bian_Que/53-十二律的長度如何計算-音分度乘舍分度_英文.md,src/content/docs/en/Mirror_Classic _of_Bian_Que/十二律的長度如何計算-音分度乘舍分度_英文.md,/mirror_classic-_of_bian_que/53-十二律的長度如何計算-音分度乘舍分度/,/en/mirror_classic-_of_bian_que/53-十二律的長度如何計算-音分度乘舍分度/
bianque-mirror-054,bianque-mirror,54,54 三十七條經隧有多長？《鏡經》的人體幾何總圖,54 How Long Are the Thirty-Seven Channel Passages? The Mirror Classic’s Whole-Body Geometric Ledger,src/content/docs/Mirror_Classic _of_Bian_Que/54-三十七條經隧有多長-鏡經的人體幾何總圖.md,src/content/docs/Mirror_Classic _of_Bian_Que/三十七條經隧有多長-鏡經的人體幾何總圖.md,src/content/docs/en/Mirror_Classic _of_Bian_Que/54-三十七條經隧有多長-鏡經的人體幾何總圖_英文.md,src/content/docs/en/Mirror_Classic _of_Bian_Que/三十七條經隧有多長-鏡經的人體幾何總圖_英文.md,/mirror_classic-_of_bian_que/54-三十七條經隧有多長-鏡經的人體幾何總圖/,/en/mirror_classic-_of_bian_que/54-三十七條經隧有多長-鏡經的人體幾何總圖/
bianque-mirror-055,bianque-mirror,55,55 少陰之人：為什麼四動也可以是正常？,55 The Shaoyin-Type Person: Why Can Four Pulse Movements Still Be Normal?,src/content/docs/Mirror_Classic _of_Bian_Que/55-少陰之人-為什麼四動也可以是正常.md,src/content/docs/Mirror_Classic _of_Bian_Que/少陰之人-為什麼四動也可以是正常.md,src/content/docs/en/Mirror_Classic _of_Bian_Que/55-少陰之人-為什麼四動也可以是正常_英文.md,src/content/docs/en/Mirror_Classic _of_Bian_Que/少陰之人-為什麼四動也可以是正常_英文.md,/mirror_classic-_of_bian_que/55-少陰之人-為什麼四動也可以是正常/,/en/mirror_classic-_of_bian_que/55-少陰之人-為什麼四動也可以是正常/
bianque-mirror-056,bianque-mirror,56,56 太陰之人：三出一入與九分之脈,"56 The Taiyin-Type Person: Three Out, One In, and a Nine-Fen Pulse",src/content/docs/Mirror_Classic _of_Bian_Que/56-太陰之人-三出一入與九分之脈.md,src/content/docs/Mirror_Classic _of_Bian_Que/太陰之人-三出一入與九分之脈.md,src/content/docs/en/Mirror_Classic _of_Bian_Que/56-太陰之人-三出一入與九分之脈_英文.md,src/content/docs/en/Mirror_Classic _of_Bian_Que/太陰之人-三出一入與九分之脈_英文.md,/mirror_classic-_of_bian_que/56-太陰之人-三出一入與九分之脈/,/en/mirror_classic-_of_bian_que/56-太陰之人-三出一入與九分之脈/
bianque-mirror-057,bianque-mirror,57,57 厥陰之人：四出一入與三分之脈,"57 The Jueyin-Type Person: Four Out, One In, and a Three-Fen Pulse",src/content/docs/Mirror_Classic _of_Bian_Que/57-厥陰之人-四出一入與三分之脈.md,src/content/docs/Mirror_Classic _of_Bian_Que/厥陰之人-四出一入與三分之脈.md,src/content/docs/en/Mirror_Classic _of_Bian_Que/57-厥陰之人-四出一入與三分之脈_英文.md,src/content/docs/en/Mirror_Classic _of_Bian_Que/厥陰之人-四出一入與三分之脈_英文.md,/mirror_classic-_of_bian_que/57-厥陰之人-四出一入與三分之脈/,/en/mirror_classic-_of_bian_que/57-厥陰之人-四出一入與三分之脈/
bianque-mirror-058,bianque-mirror,58,58 少陽之人：再入一出與徐息,"58 The Shaoyang-Type Person: Two In, One Out, and Slow Breathing",src/content/docs/Mirror_Classic _of_Bian_Que/58-少陽之人-再入一出與徐息.md,src/content/docs/Mirror_Classic _of_Bian_Que/少陽之人-再入一出與徐息.md,src/content/docs/en/Mirror_Classic _of_Bian_Que/58-少陽之人-再入一出與徐息_英文.md,src/content/docs/en/Mirror_Classic _of_Bian_Que/少陽之人-再入一出與徐息_英文.md,/mirror_classic-_of_bian_que/58-少陽之人-再入一出與徐息/,/en/mirror_classic-_of_bian_que/58-少陽之人-再入一出與徐息/
bianque-mirror-059,bianque-mirror,59,59 陽明之人：三入一出與三分湧躍,"59 The Yangming-Type Person: Three In, One Out, and Three-Fen Surging-Leaping",src/content/docs/Mirror_Classic _of_Bian_Que/59-陽明之人-三入一出與三分湧躍.md,src/content/docs/Mirror_Classic _of_Bian_Que/陽明之人-三入一出與三分湧躍.md,src/content/docs/en/Mirror_Classic _of_Bian_Que/59-陽明之人-三入一出與三分湧躍_英文.md,src/content/docs/en/Mirror_Classic _of_Bian_Que/陽明之人-三入一出與三分湧躍_英文.md,/mirror_classic-_of_bian_que/59-陽明之人-三入一出與三分湧躍/,/en/mirror_classic-_of_bian_que/59-陽明之人-三入一出與三分湧躍/
bianque-mirror-060,bianque-mirror,60,60 太陽之人：四入一出——《扁鵲鏡經》最後留下的個體化醫學,"60 The Taiyang-Type Person: Four In, One Out—and the Mirror Classic’s Final Lesson in Individualized Medicine",src/content/docs/Mirror_Classic _of_Bian_Que/60-太陽之人-四入一出與鏡經的個體化醫學.md,src/content/docs/Mirror_Classic _of_Bian_Que/太陽之人-四入一出與鏡經的個體化醫學.md,src/content/docs/en/Mirror_Classic _of_Bian_Que/60-太陽之人-四入一出與鏡經的個體化醫學_英文.md,src/content/docs/en/Mirror_Classic _of_Bian_Que/太陽之人-四入一出與鏡經的個體化醫學_英文.md,/mirror_classic-_of_bian_que/60-太陽之人-四入一出與鏡經的個體化醫學/,/en/mirror_classic-_of_bian_que/60-太陽之人-四入一出與鏡經的個體化醫學/
