originalOrder,guideOrder,title,rewriteSourceHeading,repoPath,slug,translationKey
1,10,醫者明理與天人氣化總綱,醫者明理與天人氣化總綱,src/content/docs/qihua_physiology_concept/醫者明理與天人氣化總綱.md,qihua_physiology_concept/01-醫者明理與天人氣化總綱,qihua-physiology-001
2,20,一氣陰陽清濁與中氣樞軸,一氣陰陽清濁與中氣樞軸,src/content/docs/qihua_physiology_concept/一氣陰陽清濁與中氣樞軸.md,qihua_physiology_concept/02-一氣陰陽清濁與中氣樞軸,qihua-physiology-002
3,30,四象五行與春夏秋冬節律,四象五行與春夏秋冬節律,src/content/docs/qihua_physiology_concept/四象五行與春夏秋冬節律.md,qihua_physiology_concept/03-四象五行與春夏秋冬節律,qihua-physiology-003
4,40,脾胃中土與人體五行生成,脾胃中土與人體五行生成,src/content/docs/qihua_physiology_concept/脾胃中土與人體五行生成.md,qihua_physiology_concept/04-脾胃中土與人體五行生成,qihua-physiology-004
5,50,探源圖解與天地人氣化總圖,探源圖解與天地人氣化總圖,src/content/docs/qihua_physiology_concept/探源圖解與天地人氣化總圖.md,qihua_physiology_concept/05-探源圖解與天地人氣化總圖,qihua-physiology-005
6,290,陰陽變化與治病求本,陰陽盛衰、從化與治病求本,src/content/docs/qihua_physiology_concept/陰陽變化與治病求本.md,qihua_physiology_concept/06-陰陽變化與治病求本,qihua-physiology-006
7,60,水火徵兆與上下左右道路,水火徵兆與上下左右道路,src/content/docs/qihua_physiology_concept/水火徵兆與上下左右道路.md,qihua_physiology_concept/07-水火徵兆與上下左右道路,qihua-physiology-007
8,70,生長收藏與五臟情志節律,生長收藏與五臟情志節律,src/content/docs/qihua_physiology_concept/生長收藏與五臟情志節律.md,qihua_physiology_concept/08-生長收藏與五臟情志節律,qihua-physiology-008
9,80,六氣主時與年度氣候分段,六氣主時與年度氣候分段,src/content/docs/qihua_physiology_concept/六氣主時與年度氣候分段.md,qihua_physiology_concept/09-六氣主時與年度氣候分段,qihua-physiology-009
10,90,司天在泉與上下半年氣候,司天在泉與上下半年氣候,src/content/docs/qihua_physiology_concept/司天在泉與上下半年氣候.md,qihua_physiology_concept/10-司天在泉與上下半年氣候,qihua-physiology-010
11,100,天符歲會太乙天符與運氣疊加,天符歲會太乙天符與運氣疊加,src/content/docs/qihua_physiology_concept/天符歲會太乙天符與運氣疊加.md,qihua_physiology_concept/11-天符歲會太乙天符與運氣疊加,qihua-physiology-011
12,110,人生之始與祖氣成形,人生之始與祖氣成形,src/content/docs/qihua_physiology_concept/人生之始與祖氣成形.md,qihua_physiology_concept/12-人生之始與祖氣成形,qihua-physiology-012
13,120,五臟六腑功能網路總論,五臟六腑功能網路總論,src/content/docs/qihua_physiology_concept/五臟六腑功能網路總論.md,qihua_physiology_concept/13-五臟六腑功能網路總論,qihua-physiology-013
14,150,心與小腸君火神明與化物生血,心與小腸君火神明與化物生血,src/content/docs/qihua_physiology_concept/心與小腸君火神明與化物生血.md,qihua_physiology_concept/14-心與小腸君火神明與化物生血,qihua-physiology-014
15,140,肝膽風木謀慮與中正決斷,肝膽風木謀慮與中正決斷,src/content/docs/qihua_physiology_concept/肝膽風木謀慮與中正決斷.md,qihua_physiology_concept/15-肝膽風木謀慮與中正決斷,qihua-physiology-015
16,130,脾胃中央運化與太倉輸布,脾胃中央運化與太倉輸布,src/content/docs/qihua_physiology_concept/脾胃中央運化與太倉輸布.md,qihua_physiology_concept/16-脾胃中央運化與太倉輸布,qihua-physiology-016
17,160,肺大腸制節宣降與傳導,肺大腸制節宣降與傳導,src/content/docs/qihua_physiology_concept/肺大腸制節宣降與傳導.md,qihua_physiology_concept/17-肺大腸制節宣降與傳導,qihua-physiology-017
18,170,腎膀胱水藏津液與氣化出入,腎膀胱水藏津液與氣化出入,src/content/docs/qihua_physiology_concept/腎膀胱水藏津液與氣化出入.md,qihua_physiology_concept/18-腎膀胱水藏津液與氣化出入,qihua-physiology-018
19,180,心包三焦相火臣使與水道膜網,心包三焦相火臣使與水道膜網,src/content/docs/qihua_physiology_concept/心包三焦相火臣使與水道膜網.md,qihua_physiology_concept/19-心包三焦相火臣使與水道膜網,qihua-physiology-019
20,190,臟腑部位形象與內外連網,臟腑內根、經脈外絡與人體空間連網,src/content/docs/qihua_physiology_concept/臟腑部位形象與內外連網.md,qihua_physiology_concept/20-臟腑部位形象與內外連網,qihua-physiology-020
21,200,十二經相交與如環無端,十二經相交與如環無端,src/content/docs/qihua_physiology_concept/十二經相交與如環無端.md,qihua_physiology_concept/21-十二經相交與如環無端,qihua-physiology-021
22,210,衝任督帶與先後天交會,衝任督帶與先後天交會,src/content/docs/qihua_physiology_concept/衝任督帶與先後天交會.md,qihua_physiology_concept/22-衝任督帶與先後天交會,qihua-physiology-022
23,220,六經解與十二經由六氣統攝,六經解與十二經由六氣統攝,src/content/docs/qihua_physiology_concept/六經解與十二經由六氣統攝.md,qihua_physiology_concept/23-六經解與十二經由六氣統攝,qihua-physiology-023
24,240,六氣解與主令化氣盛衰,六氣解與主令化氣盛衰,src/content/docs/qihua_physiology_concept/六氣解與主令化氣盛衰.md,qihua_physiology_concept/24-六氣解與主令化氣盛衰,qihua-physiology-024
25,250,營氣運行與脈中日夜五十周,營氣運行與脈中日夜五十周,src/content/docs/qihua_physiology_concept/營氣運行與脈中日夜五十周.md,qihua_physiology_concept/25-營氣運行與脈中日夜五十周,qihua-physiology-025
26,260,衛氣出入與寤寐防衛節律,衛氣出入與寤寐防衛節律,src/content/docs/qihua_physiology_concept/衛氣出入與寤寐防衛節律.md,qihua_physiology_concept/26-衛氣出入與寤寐防衛節律,qihua-physiology-026
27,270,男女天癸與生命長周期,男女天癸與生命長周期,src/content/docs/qihua_physiology_concept/男女天癸與生命長周期.md,qihua_physiology_concept/27-男女天癸與生命長周期,qihua-physiology-027
28,280,血氣精神與養生協調總論,血氣精神與養生協調總論,src/content/docs/qihua_physiology_concept/血氣精神與養生協調總論.md,qihua_physiology_concept/28-血氣精神與養生協調總論,qihua-physiology-028
29,230,六經開闔樞與審證大關鍵,六經開闔樞與審證大關鍵,src/content/docs/qihua_physiology_concept/六經開闔樞與審證大關鍵.md,qihua_physiology_concept/29-六經開闔樞與審證大關鍵,qihua-physiology-029
30,300,本標中氣與外感病機整合,本標中氣與外感病機整合,src/content/docs/qihua_physiology_concept/本標中氣與外感病機整合.md,qihua_physiology_concept/30-本標中氣與外感病機整合,qihua-physiology-030
